{
 "model": "state-spaces/mamba-370m-hf",
 "length": 896,
 "n_per_cell": 100,
 "seed": 0,
 "cells": {
  "N4_d0.1": {
   "acc": 0.21,
   "logp": -4.793542709350586
  },
  "N4_d0.5": {
   "acc": 0.16,
   "logp": -5.354936294555664
  },
  "N4_d0.9": {
   "acc": 0.27,
   "logp": -4.082387835979461
  },
  "N8_d0.1": {
   "acc": 0.1,
   "logp": -6.292624645233154
  },
  "N8_d0.5": {
   "acc": 0.13,
   "logp": -5.220051994323731
  },
  "N8_d0.9": {
   "acc": 0.19,
   "logp": -4.8356953048706055
  },
  "N16_d0.1": {
   "acc": 0.07,
   "logp": -6.510390872955322
  },
  "N16_d0.5": {
   "acc": 0.05,
   "logp": -6.106215171813965
  },
  "N16_d0.9": {
   "acc": 0.12,
   "logp": -5.791597232818604
  },
  "N32_d0.1": {
   "acc": 0.05,
   "logp": -6.685300559997558
  },
  "N32_d0.5": {
   "acc": 0.04,
   "logp": -5.952027587890625
  },
  "N32_d0.9": {
   "acc": 0.04,
   "logp": -5.6123087692260745
  }
 },
 "wall_seconds": 133
}