{
 "model": "state-spaces/mamba-790m-hf",
 "length": 896,
 "n_per_cell": 100,
 "seed": 0,
 "cells": {
  "N4_d0.1": {
   "acc": 0.32,
   "logp": -3.2484659004211425
  },
  "N4_d0.5": {
   "acc": 0.25,
   "logp": -3.3654603576660156
  },
  "N4_d0.9": {
   "acc": 0.38,
   "logp": -2.8937654542922973
  },
  "N8_d0.1": {
   "acc": 0.2,
   "logp": -4.168657112121582
  },
  "N8_d0.5": {
   "acc": 0.24,
   "logp": -3.718879499435425
  },
  "N8_d0.9": {
   "acc": 0.25,
   "logp": -3.771892337799072
  },
  "N16_d0.1": {
   "acc": 0.14,
   "logp": -4.396793613433838
  },
  "N16_d0.5": {
   "acc": 0.16,
   "logp": -4.326254062652588
  },
  "N16_d0.9": {
   "acc": 0.18,
   "logp": -4.43815673828125
  },
  "N32_d0.1": {
   "acc": 0.14,
   "logp": -4.852153396606445
  },
  "N32_d0.5": {
   "acc": 0.08,
   "logp": -4.726062145233154
  },
  "N32_d0.9": {
   "acc": 0.09,
   "logp": -4.795705680847168
  }
 },
 "wall_seconds": 150
}