{
 "model": "state-spaces/mamba-130m-hf",
 "length": 896,
 "n_per_cell": 100,
 "seed": 0,
 "cells": {
  "N4_d0.1": {
   "acc": 0.06,
   "logp": -7.237610321044922
  },
  "N4_d0.5": {
   "acc": 0.03,
   "logp": -6.122264251708985
  },
  "N4_d0.9": {
   "acc": 0.06,
   "logp": -5.111656179428101
  },
  "N8_d0.1": {
   "acc": 0.06,
   "logp": -6.561833286285401
  },
  "N8_d0.5": {
   "acc": 0.09,
   "logp": -5.792388191223145
  },
  "N8_d0.9": {
   "acc": 0.05,
   "logp": -5.833787498474121
  },
  "N16_d0.1": {
   "acc": 0.04,
   "logp": -6.84543776512146
  },
  "N16_d0.5": {
   "acc": 0.03,
   "logp": -6.391179313659668
  },
  "N16_d0.9": {
   "acc": 0.04,
   "logp": -5.914946746826172
  },
  "N32_d0.1": {
   "acc": 0.03,
   "logp": -7.120683441162109
  },
  "N32_d0.5": {
   "acc": 0.0,
   "logp": -6.809308738708496
  },
  "N32_d0.9": {
   "acc": 0.02,
   "logp": -5.871364669799805
  }
 },
 "wall_seconds": 273
}