{
 "model": "state-spaces/mamba-1.4b-hf",
 "length": 896,
 "n_per_cell": 100,
 "seed": 0,
 "cells": {
  "N4_d0.1": {
   "acc": 0.41,
   "logp": -3.4417144012451173
  },
  "N4_d0.5": {
   "acc": 0.57,
   "logp": -2.603907651901245
  },
  "N4_d0.9": {
   "acc": 0.66,
   "logp": -1.7224794602394105
  },
  "N8_d0.1": {
   "acc": 0.31,
   "logp": -3.965944976806641
  },
  "N8_d0.5": {
   "acc": 0.46,
   "logp": -3.101676177978516
  },
  "N8_d0.9": {
   "acc": 0.66,
   "logp": -1.970827078819275
  },
  "N16_d0.1": {
   "acc": 0.16,
   "logp": -4.732206363677978
  },
  "N16_d0.5": {
   "acc": 0.16,
   "logp": -3.931542453765869
  },
  "N16_d0.9": {
   "acc": 0.41,
   "logp": -3.0760258483886718
  },
  "N32_d0.1": {
   "acc": 0.2,
   "logp": -4.789588851928711
  },
  "N32_d0.5": {
   "acc": 0.19,
   "logp": -4.603119697570801
  },
  "N32_d0.9": {
   "acc": 0.3,
   "logp": -3.3128531074523924
  }
 },
 "wall_seconds": 193
}