{
 "model": "state-spaces/mamba-2.8b-hf",
 "length": 896,
 "n_per_cell": 100,
 "seed": 0,
 "cells": {
  "N4_d0.1": {
   "acc": 0.29,
   "logp": -3.8777363967895506
  },
  "N4_d0.5": {
   "acc": 0.22,
   "logp": -3.7890349292755126
  },
  "N4_d0.9": {
   "acc": 0.43,
   "logp": -2.914887046813965
  },
  "N8_d0.1": {
   "acc": 0.21,
   "logp": -5.163017120361328
  },
  "N8_d0.5": {
   "acc": 0.15,
   "logp": -4.418346433639527
  },
  "N8_d0.9": {
   "acc": 0.17,
   "logp": -4.326029129028321
  },
  "N16_d0.1": {
   "acc": 0.14,
   "logp": -5.108623580932617
  },
  "N16_d0.5": {
   "acc": 0.1,
   "logp": -5.251078147888183
  },
  "N16_d0.9": {
   "acc": 0.09,
   "logp": -4.970833148956299
  },
  "N32_d0.1": {
   "acc": 0.11,
   "logp": -5.423166389465332
  },
  "N32_d0.5": {
   "acc": 0.06,
   "logp": -5.385006675720215
  },
  "N32_d0.9": {
   "acc": 0.15,
   "logp": -4.814222555160523
  }
 },
 "wall_seconds": 318
}