{
 "model": "state-spaces/mamba-2.8b-hf",
 "length": 1900,
 "n_per_cell": 100,
 "seed": 0,
 "cells": {
  "N4_d0.1": {
   "acc": 0.06,
   "logp": -7.627927436828613
  },
  "N4_d0.5": {
   "acc": 0.19,
   "logp": -5.620622673034668
  },
  "N4_d0.9": {
   "acc": 0.39,
   "logp": -3.257079048156738
  },
  "N8_d0.1": {
   "acc": 0.04,
   "logp": -7.828090763092041
  },
  "N8_d0.5": {
   "acc": 0.14,
   "logp": -5.799067764282227
  },
  "N8_d0.9": {
   "acc": 0.13,
   "logp": -4.609718055725097
  },
  "N16_d0.1": {
   "acc": 0.08,
   "logp": -7.524830780029297
  },
  "N16_d0.5": {
   "acc": 0.08,
   "logp": -6.811165885925293
  },
  "N16_d0.9": {
   "acc": 0.07,
   "logp": -5.87562515258789
  },
  "N32_d0.1": {
   "acc": 0.03,
   "logp": -7.654115505218506
  },
  "N32_d0.5": {
   "acc": 0.04,
   "logp": -7.199720954895019
  },
  "N32_d0.9": {
   "acc": 0.07,
   "logp": -5.614341430664062
  },
  "N64_d0.1": {
   "acc": 0.0,
   "logp": -6.967722873687745
  },
  "N64_d0.5": {
   "acc": 0.07,
   "logp": -6.413419799804688
  },
  "N64_d0.9": {
   "acc": 0.08,
   "logp": -5.533870010375977
  }
 },
 "wall_seconds": 421
}