{
 "model": "state-spaces/mamba-790m-hf",
 "length": 1900,
 "n_per_cell": 100,
 "seed": 0,
 "cells": {
  "N4_d0.1": {
   "acc": 0.11,
   "logp": -7.5015523147583005
  },
  "N4_d0.5": {
   "acc": 0.14,
   "logp": -5.037260208129883
  },
  "N4_d0.9": {
   "acc": 0.45,
   "logp": -2.9099313402175904
  },
  "N8_d0.1": {
   "acc": 0.07,
   "logp": -6.972505073547364
  },
  "N8_d0.5": {
   "acc": 0.17,
   "logp": -5.352058773040771
  },
  "N8_d0.9": {
   "acc": 0.17,
   "logp": -4.2761295127868655
  },
  "N16_d0.1": {
   "acc": 0.08,
   "logp": -6.622968502044678
  },
  "N16_d0.5": {
   "acc": 0.03,
   "logp": -6.109316902160645
  },
  "N16_d0.9": {
   "acc": 0.1,
   "logp": -5.092452697753906
  },
  "N32_d0.1": {
   "acc": 0.06,
   "logp": -7.027785530090332
  },
  "N32_d0.5": {
   "acc": 0.03,
   "logp": -5.968058376312256
  },
  "N32_d0.9": {
   "acc": 0.03,
   "logp": -5.423855991363525
  },
  "N64_d0.1": {
   "acc": 0.04,
   "logp": -6.4952795028686525
  },
  "N64_d0.5": {
   "acc": 0.02,
   "logp": -6.208551063537597
  },
  "N64_d0.9": {
   "acc": 0.05,
   "logp": -5.49894868850708
  }
 },
 "wall_seconds": 186
}