{
 "model": "state-spaces/mamba-370m-hf",
 "length": 1900,
 "n_per_cell": 100,
 "seed": 0,
 "cells": {
  "N4_d0.1": {
   "acc": 0.03,
   "logp": -9.3069038772583
  },
  "N4_d0.5": {
   "acc": 0.04,
   "logp": -8.058049507141114
  },
  "N4_d0.9": {
   "acc": 0.22,
   "logp": -4.5603830528259275
  },
  "N8_d0.1": {
   "acc": 0.02,
   "logp": -9.612590885162353
  },
  "N8_d0.5": {
   "acc": 0.06,
   "logp": -7.679686622619629
  },
  "N8_d0.9": {
   "acc": 0.14,
   "logp": -5.6292702293396
  },
  "N16_d0.1": {
   "acc": 0.02,
   "logp": -9.708042793273925
  },
  "N16_d0.5": {
   "acc": 0.01,
   "logp": -8.44077205657959
  },
  "N16_d0.9": {
   "acc": 0.08,
   "logp": -6.320445041656495
  },
  "N32_d0.1": {
   "acc": 0.02,
   "logp": -9.716543617248535
  },
  "N32_d0.5": {
   "acc": 0.02,
   "logp": -8.197893028259278
  },
  "N32_d0.9": {
   "acc": 0.04,
   "logp": -6.660979118347168
  },
  "N64_d0.1": {
   "acc": 0.0,
   "logp": -8.981631317138671
  },
  "N64_d0.5": {
   "acc": 0.04,
   "logp": -7.8140606117248534
  },
  "N64_d0.9": {
   "acc": 0.06,
   "logp": -6.400651817321777
  }
 },
 "wall_seconds": 160
}