{
 "model": "state-spaces/mamba-1.4b-hf",
 "length": 1900,
 "n_per_cell": 100,
 "seed": 0,
 "cells": {
  "N4_d0.1": {
   "acc": 0.12,
   "logp": -7.615329399108886
  },
  "N4_d0.5": {
   "acc": 0.22,
   "logp": -5.657819557189941
  },
  "N4_d0.9": {
   "acc": 0.58,
   "logp": -2.0531940031051636
  },
  "N8_d0.1": {
   "acc": 0.06,
   "logp": -8.199523429870606
  },
  "N8_d0.5": {
   "acc": 0.22,
   "logp": -5.3106092262268065
  },
  "N8_d0.9": {
   "acc": 0.53,
   "logp": -2.746406421661377
  },
  "N16_d0.1": {
   "acc": 0.06,
   "logp": -8.003120002746583
  },
  "N16_d0.5": {
   "acc": 0.15,
   "logp": -6.244453201293945
  },
  "N16_d0.9": {
   "acc": 0.32,
   "logp": -3.848202133178711
  },
  "N32_d0.1": {
   "acc": 0.05,
   "logp": -7.911030960083008
  },
  "N32_d0.5": {
   "acc": 0.05,
   "logp": -7.083939685821533
  },
  "N32_d0.9": {
   "acc": 0.24,
   "logp": -4.117842388153076
  },
  "N64_d0.1": {
   "acc": 0.01,
   "logp": -7.608245468139648
  },
  "N64_d0.5": {
   "acc": 0.02,
   "logp": -6.726746826171875
  },
  "N64_d0.9": {
   "acc": 0.16,
   "logp": -4.849526271820069
  }
 },
 "wall_seconds": 240
}