{
 "model": "EleutherAI/pythia-410m",
 "length": 896,
 "n_per_cell": 100,
 "seed": 0,
 "cells": {
  "N4_d0.1": {
   "acc": 0.62,
   "logp": -1.6974702501296997
  },
  "N4_d0.5": {
   "acc": 0.73,
   "logp": -1.4898930835723876
  },
  "N4_d0.9": {
   "acc": 0.69,
   "logp": -1.5798631477355958
  },
  "N8_d0.1": {
   "acc": 0.47,
   "logp": -2.7285513782501223
  },
  "N8_d0.5": {
   "acc": 0.56,
   "logp": -2.2972030448913574
  },
  "N8_d0.9": {
   "acc": 0.64,
   "logp": -2.1078324508666992
  },
  "N16_d0.1": {
   "acc": 0.31,
   "logp": -3.798960075378418
  },
  "N16_d0.5": {
   "acc": 0.33,
   "logp": -3.4702657318115233
  },
  "N16_d0.9": {
   "acc": 0.41,
   "logp": -3.2502659606933593
  },
  "N32_d0.1": {
   "acc": 0.21,
   "logp": -4.452029533386231
  },
  "N32_d0.5": {
   "acc": 0.33,
   "logp": -3.7164515686035156
  },
  "N32_d0.9": {
   "acc": 0.39,
   "logp": -3.486939477920532
  }
 },
 "wall_seconds": 20
}