{
 "model": "EleutherAI/pythia-2.8b",
 "length": 896,
 "n_per_cell": 100,
 "seed": 0,
 "cells": {
  "N4_d0.1": {
   "acc": 0.78,
   "logp": -1.6410134410858155
  },
  "N4_d0.5": {
   "acc": 0.73,
   "logp": -1.5499723148345947
  },
  "N4_d0.9": {
   "acc": 0.76,
   "logp": -1.6994991493225098
  },
  "N8_d0.1": {
   "acc": 0.48,
   "logp": -2.8496833419799805
  },
  "N8_d0.5": {
   "acc": 0.59,
   "logp": -2.2450778245925904
  },
  "N8_d0.9": {
   "acc": 0.68,
   "logp": -2.2111485958099366
  },
  "N16_d0.1": {
   "acc": 0.39,
   "logp": -3.719775676727295
  },
  "N16_d0.5": {
   "acc": 0.36,
   "logp": -3.754468307495117
  },
  "N16_d0.9": {
   "acc": 0.59,
   "logp": -2.6232020807266236
  },
  "N32_d0.1": {
   "acc": 0.21,
   "logp": -4.3007096099853515
  },
  "N32_d0.5": {
   "acc": 0.36,
   "logp": -3.7508868026733397
  },
  "N32_d0.9": {
   "acc": 0.49,
   "logp": -2.910780210494995
  }
 },
 "wall_seconds": 46
}