{
 "model": "EleutherAI/pythia-1b",
 "length": 1900,
 "n_per_cell": 100,
 "seed": 0,
 "cells": {
  "N4_d0.1": {
   "acc": 0.48,
   "logp": -1.9667468929290772
  },
  "N4_d0.5": {
   "acc": 0.57,
   "logp": -1.7449430680274964
  },
  "N4_d0.9": {
   "acc": 0.7,
   "logp": -1.3060807371139527
  },
  "N8_d0.1": {
   "acc": 0.29,
   "logp": -3.2594766807556153
  },
  "N8_d0.5": {
   "acc": 0.49,
   "logp": -2.621580286026001
  },
  "N8_d0.9": {
   "acc": 0.51,
   "logp": -2.1640816020965574
  },
  "N16_d0.1": {
   "acc": 0.16,
   "logp": -4.325284976959228
  },
  "N16_d0.5": {
   "acc": 0.19,
   "logp": -4.241141357421875
  },
  "N16_d0.9": {
   "acc": 0.19,
   "logp": -3.7092827701568605
  },
  "N32_d0.1": {
   "acc": 0.1,
   "logp": -5.292841548919678
  },
  "N32_d0.5": {
   "acc": 0.18,
   "logp": -4.824660968780518
  },
  "N32_d0.9": {
   "acc": 0.28,
   "logp": -4.079167413711548
  },
  "N64_d0.1": {
   "acc": 0.06,
   "logp": -5.148932952880859
  },
  "N64_d0.5": {
   "acc": 0.09,
   "logp": -5.530504903793335
  },
  "N64_d0.9": {
   "acc": 0.14,
   "logp": -4.9019588851928715
  }
 },
 "wall_seconds": 44
}