{
 "model": "EleutherAI/pythia-410m",
 "length": 1900,
 "n_per_cell": 100,
 "seed": 0,
 "cells": {
  "N4_d0.1": {
   "acc": 0.56,
   "logp": -2.238408074378967
  },
  "N4_d0.5": {
   "acc": 0.55,
   "logp": -2.17012149810791
  },
  "N4_d0.9": {
   "acc": 0.7,
   "logp": -1.5606726157665252
  },
  "N8_d0.1": {
   "acc": 0.33,
   "logp": -3.553543739318848
  },
  "N8_d0.5": {
   "acc": 0.39,
   "logp": -2.9894690036773683
  },
  "N8_d0.9": {
   "acc": 0.58,
   "logp": -2.239523754119873
  },
  "N16_d0.1": {
   "acc": 0.23,
   "logp": -4.694428577423095
  },
  "N16_d0.5": {
   "acc": 0.16,
   "logp": -4.612941608428955
  },
  "N16_d0.9": {
   "acc": 0.38,
   "logp": -3.4705453300476075
  },
  "N32_d0.1": {
   "acc": 0.16,
   "logp": -5.093002262115479
  },
  "N32_d0.5": {
   "acc": 0.13,
   "logp": -4.525471992492676
  },
  "N32_d0.9": {
   "acc": 0.34,
   "logp": -3.8391590118408203
  },
  "N64_d0.1": {
   "acc": 0.09,
   "logp": -5.528815155029297
  },
  "N64_d0.5": {
   "acc": 0.16,
   "logp": -5.221313228607178
  },
  "N64_d0.9": {
   "acc": 0.19,
   "logp": -4.786651592254639
  }
 },
 "wall_seconds": 30
}