{
 "model": "EleutherAI/pythia-1.4b",
 "length": 896,
 "n_per_cell": 100,
 "seed": 0,
 "cells": {
  "N4_d0.1": {
   "acc": 0.48,
   "logp": -2.428280849456787
  },
  "N4_d0.5": {
   "acc": 0.67,
   "logp": -2.0812712621688845
  },
  "N4_d0.9": {
   "acc": 0.63,
   "logp": -2.22367769241333
  },
  "N8_d0.1": {
   "acc": 0.51,
   "logp": -2.938123302459717
  },
  "N8_d0.5": {
   "acc": 0.6,
   "logp": -2.4273622703552244
  },
  "N8_d0.9": {
   "acc": 0.49,
   "logp": -2.936444387435913
  },
  "N16_d0.1": {
   "acc": 0.4,
   "logp": -3.468906269073486
  },
  "N16_d0.5": {
   "acc": 0.48,
   "logp": -2.9834707450866698
  },
  "N16_d0.9": {
   "acc": 0.47,
   "logp": -3.0705605697631837
  },
  "N32_d0.1": {
   "acc": 0.31,
   "logp": -3.918123664855957
  },
  "N32_d0.5": {
   "acc": 0.43,
   "logp": -3.3764406204223634
  },
  "N32_d0.9": {
   "acc": 0.47,
   "logp": -3.0593480587005617
  }
 },
 "wall_seconds": 32
}