{
 "model": "EleutherAI/pythia-1b",
 "length": 896,
 "n_per_cell": 100,
 "seed": 0,
 "cells": {
  "N4_d0.1": {
   "acc": 0.54,
   "logp": -1.6375349903106688
  },
  "N4_d0.5": {
   "acc": 0.66,
   "logp": -1.3373315525054932
  },
  "N4_d0.9": {
   "acc": 0.65,
   "logp": -1.347329604625702
  },
  "N8_d0.1": {
   "acc": 0.3,
   "logp": -3.035595664978027
  },
  "N8_d0.5": {
   "acc": 0.48,
   "logp": -2.3347195315361025
  },
  "N8_d0.9": {
   "acc": 0.54,
   "logp": -2.2740059661865235
  },
  "N16_d0.1": {
   "acc": 0.23,
   "logp": -3.8208947944641114
  },
  "N16_d0.5": {
   "acc": 0.26,
   "logp": -3.879777679443359
  },
  "N16_d0.9": {
   "acc": 0.26,
   "logp": -3.6383232975006106
  },
  "N32_d0.1": {
   "acc": 0.15,
   "logp": -4.794104537963867
  },
  "N32_d0.5": {
   "acc": 0.18,
   "logp": -4.656582202911377
  },
  "N32_d0.9": {
   "acc": 0.25,
   "logp": -4.113944463729858
  }
 },
 "wall_seconds": 25
}