{
 "model": "EleutherAI/pythia-1.4b",
 "length": 1900,
 "n_per_cell": 100,
 "seed": 0,
 "cells": {
  "N4_d0.1": {
   "acc": 0.39,
   "logp": -2.931559295654297
  },
  "N4_d0.5": {
   "acc": 0.5,
   "logp": -2.5000442028045655
  },
  "N4_d0.9": {
   "acc": 0.64,
   "logp": -2.048709077835083
  },
  "N8_d0.1": {
   "acc": 0.26,
   "logp": -3.916022891998291
  },
  "N8_d0.5": {
   "acc": 0.46,
   "logp": -2.992583656311035
  },
  "N8_d0.9": {
   "acc": 0.56,
   "logp": -2.9010464096069337
  },
  "N16_d0.1": {
   "acc": 0.17,
   "logp": -4.697942028045654
  },
  "N16_d0.5": {
   "acc": 0.36,
   "logp": -3.7830512619018553
  },
  "N16_d0.9": {
   "acc": 0.35,
   "logp": -3.4572822761535646
  },
  "N32_d0.1": {
   "acc": 0.15,
   "logp": -4.887521228790283
  },
  "N32_d0.5": {
   "acc": 0.25,
   "logp": -4.170063457489014
  },
  "N32_d0.9": {
   "acc": 0.35,
   "logp": -3.649209518432617
  },
  "N64_d0.1": {
   "acc": 0.13,
   "logp": -4.624719772338867
  },
  "N64_d0.5": {
   "acc": 0.2,
   "logp": -4.653644886016846
  },
  "N64_d0.9": {
   "acc": 0.33,
   "logp": -3.791296672821045
  }
 },
 "wall_seconds": 53
}