{
 "model": "EleutherAI/pythia-2.8b",
 "length": 1900,
 "n_per_cell": 100,
 "seed": 0,
 "cells": {
  "N4_d0.1": {
   "acc": 0.82,
   "logp": -1.139493737220764
  },
  "N4_d0.5": {
   "acc": 0.71,
   "logp": -1.5749964952468871
  },
  "N4_d0.9": {
   "acc": 0.77,
   "logp": -1.4196537494659425
  },
  "N8_d0.1": {
   "acc": 0.49,
   "logp": -2.456047887802124
  },
  "N8_d0.5": {
   "acc": 0.57,
   "logp": -2.3813634967803954
  },
  "N8_d0.9": {
   "acc": 0.67,
   "logp": -2.2075969886779787
  },
  "N16_d0.1": {
   "acc": 0.35,
   "logp": -3.5144236946105956
  },
  "N16_d0.5": {
   "acc": 0.42,
   "logp": -3.3899076843261717
  },
  "N16_d0.9": {
   "acc": 0.37,
   "logp": -3.2041325187683105
  },
  "N32_d0.1": {
   "acc": 0.3,
   "logp": -3.973699722290039
  },
  "N32_d0.5": {
   "acc": 0.3,
   "logp": -3.8001421546936034
  },
  "N32_d0.9": {
   "acc": 0.35,
   "logp": -3.333746461868286
  },
  "N64_d0.1": {
   "acc": 0.22,
   "logp": -4.21263053894043
  },
  "N64_d0.5": {
   "acc": 0.19,
   "logp": -4.4596240234375
  },
  "N64_d0.9": {
   "acc": 0.23,
   "logp": -4.140787105560303
  }
 },
 "wall_seconds": 83
}