{
 "model": "EleutherAI/pythia-70m",
 "length": 896,
 "n_per_cell": 100,
 "seed": 0,
 "cells": {
  "N4_d0.1": {
   "acc": 0.01,
   "logp": -7.923997650146484
  },
  "N4_d0.5": {
   "acc": 0.0,
   "logp": -7.281801414489746
  },
  "N4_d0.9": {
   "acc": 0.0,
   "logp": -6.932843208312988
  },
  "N8_d0.1": {
   "acc": 0.01,
   "logp": -8.438843917846679
  },
  "N8_d0.5": {
   "acc": 0.01,
   "logp": -7.557017402648926
  },
  "N8_d0.9": {
   "acc": 0.02,
   "logp": -7.677919826507568
  },
  "N16_d0.1": {
   "acc": 0.01,
   "logp": -8.556278190612794
  },
  "N16_d0.5": {
   "acc": 0.04,
   "logp": -8.837865028381348
  },
  "N16_d0.9": {
   "acc": 0.01,
   "logp": -8.411972579956055
  },
  "N32_d0.1": {
   "acc": 0.0,
   "logp": -8.871131896972656
  },
  "N32_d0.5": {
   "acc": 0.0,
   "logp": -8.580916671752929
  },
  "N32_d0.9": {
   "acc": 0.01,
   "logp": -8.930696563720703
  }
 },
 "wall_seconds": 11
}