{
 "model": "EleutherAI/pythia-160m",
 "length": 896,
 "n_per_cell": 100,
 "seed": 0,
 "cells": {
  "N4_d0.1": {
   "acc": 0.09,
   "logp": -5.540038108825684
  },
  "N4_d0.5": {
   "acc": 0.03,
   "logp": -5.896989135742188
  },
  "N4_d0.9": {
   "acc": 0.0,
   "logp": -6.0394695854187015
  },
  "N8_d0.1": {
   "acc": 0.04,
   "logp": -7.030268440246582
  },
  "N8_d0.5": {
   "acc": 0.05,
   "logp": -6.286659660339356
  },
  "N8_d0.9": {
   "acc": 0.01,
   "logp": -7.776116943359375
  },
  "N16_d0.1": {
   "acc": 0.02,
   "logp": -7.715421257019043
  },
  "N16_d0.5": {
   "acc": 0.0,
   "logp": -7.530069198608398
  },
  "N16_d0.9": {
   "acc": 0.0,
   "logp": -7.976759643554687
  },
  "N32_d0.1": {
   "acc": 0.02,
   "logp": -8.330824241638183
  },
  "N32_d0.5": {
   "acc": 0.0,
   "logp": -8.517208290100097
  },
  "N32_d0.9": {
   "acc": 0.0,
   "logp": -8.56234380722046
  }
 },
 "wall_seconds": 12
}