{
 "model": "RWKV/rwkv-4-3b-pile",
 "length": 896,
 "n_per_cell": 100,
 "seed": 0,
 "cells": {
  "N4_d0.1": {
   "acc": 0.0,
   "logp": -11.03145263671875
  },
  "N4_d0.5": {
   "acc": 0.0,
   "logp": -9.747388763427734
  },
  "N4_d0.9": {
   "acc": 0.07,
   "logp": -6.760848693847656
  },
  "N8_d0.1": {
   "acc": 0.01,
   "logp": -10.405359344482422
  },
  "N8_d0.5": {
   "acc": 0.0,
   "logp": -8.958276786804198
  },
  "N8_d0.9": {
   "acc": 0.03,
   "logp": -6.908794498443603
  },
  "N16_d0.1": {
   "acc": 0.0,
   "logp": -10.027458190917969
  },
  "N16_d0.5": {
   "acc": 0.01,
   "logp": -8.5350191116333
  },
  "N16_d0.9": {
   "acc": 0.03,
   "logp": -6.2937224578857425
  },
  "N32_d0.1": {
   "acc": 0.0,
   "logp": -9.05053352355957
  },
  "N32_d0.5": {
   "acc": 0.0,
   "logp": -7.7786956405639645
  },
  "N32_d0.9": {
   "acc": 0.04,
   "logp": -6.218820686340332
  }
 },
 "wall_seconds": 2815
}