{
 "model": "RWKV/rwkv-4-1b5-pile",
 "length": 896,
 "n_per_cell": 100,
 "seed": 0,
 "cells": {
  "N4_d0.1": {
   "acc": 0.0,
   "logp": -11.61583683013916
  },
  "N4_d0.5": {
   "acc": 0.0,
   "logp": -10.327581329345703
  },
  "N4_d0.9": {
   "acc": 0.05,
   "logp": -6.96541919708252
  },
  "N8_d0.1": {
   "acc": 0.0,
   "logp": -11.396834030151368
  },
  "N8_d0.5": {
   "acc": 0.01,
   "logp": -10.341137733459473
  },
  "N8_d0.9": {
   "acc": 0.02,
   "logp": -8.14771116256714
  },
  "N16_d0.1": {
   "acc": 0.0,
   "logp": -11.243581199645996
  },
  "N16_d0.5": {
   "acc": 0.01,
   "logp": -9.579526443481445
  },
  "N16_d0.9": {
   "acc": 0.03,
   "logp": -7.754648742675781
  },
  "N32_d0.1": {
   "acc": 0.0,
   "logp": -10.783360977172851
  },
  "N32_d0.5": {
   "acc": 0.01,
   "logp": -8.6350394821167
  },
  "N32_d0.9": {
   "acc": 0.01,
   "logp": -7.041842823028564
  }
 },
 "wall_seconds": 1780
}