{
 "model": "RWKV/rwkv-4-1b5-pile",
 "length": 1900,
 "n_per_cell": 100,
 "seed": 0,
 "cells": {
  "N4_d0.1": {
   "acc": 0.0,
   "logp": -12.141957969665528
  },
  "N4_d0.5": {
   "acc": 0.0,
   "logp": -11.918214950561524
  },
  "N4_d0.9": {
   "acc": 0.02,
   "logp": -8.40942310333252
  },
  "N8_d0.1": {
   "acc": 0.0,
   "logp": -12.12620735168457
  },
  "N8_d0.5": {
   "acc": 0.0,
   "logp": -11.805656700134277
  },
  "N8_d0.9": {
   "acc": 0.04,
   "logp": -9.486574745178222
  },
  "N16_d0.1": {
   "acc": 0.0,
   "logp": -12.132310104370116
  },
  "N16_d0.5": {
   "acc": 0.0,
   "logp": -11.902591400146484
  },
  "N16_d0.9": {
   "acc": 0.0,
   "logp": -8.735586318969727
  },
  "N32_d0.1": {
   "acc": 0.0,
   "logp": -12.07057846069336
  },
  "N32_d0.5": {
   "acc": 0.0,
   "logp": -11.70798240661621
  },
  "N32_d0.9": {
   "acc": 0.01,
   "logp": -8.301789474487304
  },
  "N64_d0.1": {
   "acc": 0.0,
   "logp": -11.86748176574707
  },
  "N64_d0.5": {
   "acc": 0.0,
   "logp": -11.437286186218262
  },
  "N64_d0.9": {
   "acc": 0.01,
   "logp": -8.151286735534669
  }
 },
 "wall_seconds": 6278
}