{
 "model": "RWKV/rwkv-4-430m-pile",
 "length": 896,
 "n_per_cell": 100,
 "seed": 0,
 "cells": {
  "N4_d0.1": {
   "acc": 0.0,
   "logp": -12.831697998046875
  },
  "N4_d0.5": {
   "acc": 0.0,
   "logp": -12.167275619506835
  },
  "N4_d0.9": {
   "acc": 0.01,
   "logp": -9.114254608154297
  },
  "N8_d0.1": {
   "acc": 0.0,
   "logp": -12.379979171752929
  },
  "N8_d0.5": {
   "acc": 0.0,
   "logp": -12.066905136108398
  },
  "N8_d0.9": {
   "acc": 0.0,
   "logp": -9.238138656616211
  },
  "N16_d0.1": {
   "acc": 0.0,
   "logp": -12.384945373535157
  },
  "N16_d0.5": {
   "acc": 0.0,
   "logp": -11.671853485107421
  },
  "N16_d0.9": {
   "acc": 0.0,
   "logp": -9.102266235351562
  },
  "N32_d0.1": {
   "acc": 0.0,
   "logp": -12.244314384460449
  },
  "N32_d0.5": {
   "acc": 0.0,
   "logp": -10.953688201904297
  },
  "N32_d0.9": {
   "acc": 0.0,
   "logp": -8.89266284942627
  }
 },
 "wall_seconds": 1463
}