{
 "model": "RWKV/rwkv-4-430m-pile",
 "length": 1900,
 "n_per_cell": 100,
 "seed": 0,
 "cells": {
  "N4_d0.1": {
   "acc": 0.0,
   "logp": -12.990360107421875
  },
  "N4_d0.5": {
   "acc": 0.0,
   "logp": -13.120983505249024
  },
  "N4_d0.9": {
   "acc": 0.01,
   "logp": -10.954636993408203
  },
  "N8_d0.1": {
   "acc": 0.0,
   "logp": -12.935077629089356
  },
  "N8_d0.5": {
   "acc": 0.0,
   "logp": -13.083242950439454
  },
  "N8_d0.9": {
   "acc": 0.0,
   "logp": -11.586278839111328
  },
  "N16_d0.1": {
   "acc": 0.0,
   "logp": -13.068114166259766
  },
  "N16_d0.5": {
   "acc": 0.0,
   "logp": -13.309277114868165
  },
  "N16_d0.9": {
   "acc": 0.0,
   "logp": -11.373866119384765
  },
  "N32_d0.1": {
   "acc": 0.0,
   "logp": -13.214519119262695
  },
  "N32_d0.5": {
   "acc": 0.0,
   "logp": -13.12105266571045
  },
  "N32_d0.9": {
   "acc": 0.0,
   "logp": -11.62540512084961
  },
  "N64_d0.1": {
   "acc": 0.0,
   "logp": -12.947458992004394
  },
  "N64_d0.5": {
   "acc": 0.0,
   "logp": -13.221629905700684
  },
  "N64_d0.9": {
   "acc": 0.0,
   "logp": -11.873609619140625
  }
 },
 "wall_seconds": 6261
}