{
 "model": "RWKV/rwkv-4-169m-pile",
 "length": 896,
 "n_per_cell": 100,
 "seed": 0,
 "cells": {
  "N4_d0.1": {
   "acc": 0.0,
   "logp": -12.813542556762695
  },
  "N4_d0.5": {
   "acc": 0.0,
   "logp": -12.443293914794921
  },
  "N4_d0.9": {
   "acc": 0.0,
   "logp": -10.61586483001709
  },
  "N8_d0.1": {
   "acc": 0.0,
   "logp": -12.670839309692383
  },
  "N8_d0.5": {
   "acc": 0.0,
   "logp": -12.225621490478515
  },
  "N8_d0.9": {
   "acc": 0.0,
   "logp": -10.480634803771972
  },
  "N16_d0.1": {
   "acc": 0.0,
   "logp": -12.403328704833985
  },
  "N16_d0.5": {
   "acc": 0.0,
   "logp": -11.882280731201172
  },
  "N16_d0.9": {
   "acc": 0.0,
   "logp": -10.030453262329102
  },
  "N32_d0.1": {
   "acc": 0.0,
   "logp": -12.590082664489746
  },
  "N32_d0.5": {
   "acc": 0.0,
   "logp": -11.76336799621582
  },
  "N32_d0.9": {
   "acc": 0.0,
   "logp": -9.243999252319336
  }
 },
 "wall_seconds": 847
}