{
 "model": "RWKV/rwkv-4-3b-pile",
 "length": 1900,
 "n_per_cell": 100,
 "seed": 0,
 "cells": {
  "N4_d0.1": {
   "acc": 0.0,
   "logp": -11.885944252014161
  },
  "N4_d0.5": {
   "acc": 0.0,
   "logp": -11.28325584411621
  },
  "N4_d0.9": {
   "acc": 0.06,
   "logp": -7.727529602050781
  },
  "N8_d0.1": {
   "acc": 0.0,
   "logp": -11.453251457214355
  },
  "N8_d0.5": {
   "acc": 0.01,
   "logp": -10.823285827636719
  },
  "N8_d0.9": {
   "acc": 0.06,
   "logp": -8.516744232177734
  },
  "N16_d0.1": {
   "acc": 0.0,
   "logp": -11.554915008544922
  },
  "N16_d0.5": {
   "acc": 0.0,
   "logp": -11.186634101867675
  },
  "N16_d0.9": {
   "acc": 0.03,
   "logp": -7.5017953300476075
  },
  "N32_d0.1": {
   "acc": 0.0,
   "logp": -11.336305618286133
  },
  "N32_d0.5": {
   "acc": 0.0,
   "logp": -11.062888565063476
  },
  "N32_d0.9": {
   "acc": 0.04,
   "logp": -7.333933925628662
  },
  "N64_d0.1": {
   "acc": 0.0,
   "logp": -11.002224159240722
  },
  "N64_d0.5": {
   "acc": 0.0,
   "logp": -10.692268257141114
  },
  "N64_d0.9": {
   "acc": 0.01,
   "logp": -7.255967254638672
  }
 },
 "wall_seconds": 7691
}