{
 "model": "state-spaces/mamba-1.4b-hf",
 "length": 1900,
 "n_per_cell": 200,
 "seed": 0,
 "cells": {
  "N4_d0.1": {
   "acc": 0.105,
   "logp": -7.530772094726562
  },
  "N4_d0.5": {
   "acc": 0.25,
   "logp": -5.306823444366455
  },
  "N4_d0.9": {
   "acc": 0.545,
   "logp": -2.5453649616241454
  },
  "N8_d0.1": {
   "acc": 0.065,
   "logp": -7.901275787353516
  },
  "N8_d0.5": {
   "acc": 0.215,
   "logp": -5.538049097061157
  },
  "N8_d0.9": {
   "acc": 0.415,
   "logp": -2.826547050476074
  },
  "N16_d0.1": {
   "acc": 0.1,
   "logp": -7.582415771484375
  },
  "N16_d0.5": {
   "acc": 0.155,
   "logp": -5.913146705627441
  },
  "N16_d0.9": {
   "acc": 0.36,
   "logp": -3.535450887680054
  },
  "N32_d0.1": {
   "acc": 0.03,
   "logp": -8.16916913986206
  },
  "N32_d0.5": {
   "acc": 0.07,
   "logp": -6.414394512176513
  },
  "N32_d0.9": {
   "acc": 0.215,
   "logp": -4.348810138702393
  },
  "N64_d0.1": {
   "acc": 0.025,
   "logp": -7.8278117179870605
  },
  "N64_d0.5": {
   "acc": 0.095,
   "logp": -6.2622150039672855
  },
  "N64_d0.9": {
   "acc": 0.095,
   "logp": -5.193790512084961
  }
 },
 "wall_seconds": 374
}