{
 "model": "state-spaces/mamba-130m-hf",
 "length": 896,
 "n_per_cell": 200,
 "seed": 0,
 "cells": {
  "N4_d0.1": {
   "acc": 0.035,
   "logp": -7.023968029022217
  },
  "N4_d0.5": {
   "acc": 0.055,
   "logp": -6.454452838897705
  },
  "N4_d0.9": {
   "acc": 0.105,
   "logp": -5.13081090927124
  },
  "N8_d0.1": {
   "acc": 0.05,
   "logp": -7.191011123657226
  },
  "N8_d0.5": {
   "acc": 0.08,
   "logp": -6.127997779846192
  },
  "N8_d0.9": {
   "acc": 0.06,
   "logp": -5.534620218276977
  },
  "N16_d0.1": {
   "acc": 0.02,
   "logp": -7.010067901611328
  },
  "N16_d0.5": {
   "acc": 0.02,
   "logp": -6.635168209075927
  },
  "N16_d0.9": {
   "acc": 0.04,
   "logp": -5.768608360290528
  },
  "N32_d0.1": {
   "acc": 0.03,
   "logp": -6.934401416778565
  },
  "N32_d0.5": {
   "acc": 0.015,
   "logp": -6.299443798065186
  },
  "N32_d0.9": {
   "acc": 0.04,
   "logp": -5.92972848892212
  }
 },
 "wall_seconds": 116
}