{
 "model": "state-spaces/mamba-790m-hf",
 "length": 1900,
 "n_per_cell": 200,
 "seed": 0,
 "cells": {
  "N4_d0.1": {
   "acc": 0.1,
   "logp": -7.212875480651856
  },
  "N4_d0.5": {
   "acc": 0.16,
   "logp": -5.127548437118531
  },
  "N4_d0.9": {
   "acc": 0.305,
   "logp": -3.3276327419281007
  },
  "N8_d0.1": {
   "acc": 0.1,
   "logp": -7.36751859664917
  },
  "N8_d0.5": {
   "acc": 0.135,
   "logp": -5.185650138854981
  },
  "N8_d0.9": {
   "acc": 0.17,
   "logp": -4.16861930847168
  },
  "N16_d0.1": {
   "acc": 0.055,
   "logp": -6.636109390258789
  },
  "N16_d0.5": {
   "acc": 0.06,
   "logp": -6.072116260528564
  },
  "N16_d0.9": {
   "acc": 0.13,
   "logp": -4.775769596099853
  },
  "N32_d0.1": {
   "acc": 0.05,
   "logp": -6.9979626655578615
  },
  "N32_d0.5": {
   "acc": 0.055,
   "logp": -6.049744052886963
  },
  "N32_d0.9": {
   "acc": 0.085,
   "logp": -5.182752437591553
  },
  "N64_d0.1": {
   "acc": 0.015,
   "logp": -6.927232723236084
  },
  "N64_d0.5": {
   "acc": 0.03,
   "logp": -6.109515895843506
  },
  "N64_d0.9": {
   "acc": 0.035,
   "logp": -5.815438594818115
  }
 },
 "wall_seconds": 293
}