{
 "model": "state-spaces/mamba-130m-hf",
 "length": 1900,
 "n_per_cell": 200,
 "seed": 0,
 "cells": {
  "N4_d0.1": {
   "acc": 0.0,
   "logp": -11.200073699951172
  },
  "N4_d0.5": {
   "acc": 0.005,
   "logp": -10.246655502319335
  },
  "N4_d0.9": {
   "acc": 0.055,
   "logp": -6.514400482177734
  },
  "N8_d0.1": {
   "acc": 0.0,
   "logp": -11.275724182128906
  },
  "N8_d0.5": {
   "acc": 0.02,
   "logp": -9.499833583831787
  },
  "N8_d0.9": {
   "acc": 0.05,
   "logp": -6.401461162567139
  },
  "N16_d0.1": {
   "acc": 0.0,
   "logp": -10.722217330932617
  },
  "N16_d0.5": {
   "acc": 0.005,
   "logp": -9.523671188354491
  },
  "N16_d0.9": {
   "acc": 0.03,
   "logp": -6.385164985656738
  },
  "N32_d0.1": {
   "acc": 0.0,
   "logp": -10.90791332244873
  },
  "N32_d0.5": {
   "acc": 0.01,
   "logp": -8.955505771636963
  },
  "N32_d0.9": {
   "acc": 0.015,
   "logp": -6.684811992645264
  },
  "N64_d0.1": {
   "acc": 0.0,
   "logp": -10.260793533325195
  },
  "N64_d0.5": {
   "acc": 0.01,
   "logp": -8.806913719177246
  },
  "N64_d0.9": {
   "acc": 0.02,
   "logp": -7.2845018768310545
  }
 },
 "wall_seconds": 123
}