{
 "model": "state-spaces/mamba-2.8b-hf",
 "length": 1900,
 "n_per_cell": 200,
 "seed": 0,
 "cells": {
  "N4_d0.1": {
   "acc": 0.065,
   "logp": -7.5345168304443355
  },
  "N4_d0.5": {
   "acc": 0.17,
   "logp": -5.439904842376709
  },
  "N4_d0.9": {
   "acc": 0.25,
   "logp": -3.8935070991516114
  },
  "N8_d0.1": {
   "acc": 0.07,
   "logp": -7.780661849975586
  },
  "N8_d0.5": {
   "acc": 0.125,
   "logp": -5.713557729721069
  },
  "N8_d0.9": {
   "acc": 0.185,
   "logp": -4.749675655364991
  },
  "N16_d0.1": {
   "acc": 0.05,
   "logp": -7.693008308410644
  },
  "N16_d0.5": {
   "acc": 0.03,
   "logp": -6.908797264099121
  },
  "N16_d0.9": {
   "acc": 0.085,
   "logp": -5.184115085601807
  },
  "N32_d0.1": {
   "acc": 0.03,
   "logp": -8.01766534805298
  },
  "N32_d0.5": {
   "acc": 0.05,
   "logp": -6.8700117492675785
  },
  "N32_d0.9": {
   "acc": 0.06,
   "logp": -5.504617185592651
  },
  "N64_d0.1": {
   "acc": 0.015,
   "logp": -7.260027961730957
  },
  "N64_d0.5": {
   "acc": 0.065,
   "logp": -6.126885261535644
  },
  "N64_d0.9": {
   "acc": 0.045,
   "logp": -5.96211654663086
  }
 },
 "wall_seconds": 922
}