{
 "model": "state-spaces/mamba-370m-hf",
 "length": 1900,
 "n_per_cell": 200,
 "seed": 0,
 "cells": {
  "N4_d0.1": {
   "acc": 0.03,
   "logp": -9.454329795837403
  },
  "N4_d0.5": {
   "acc": 0.07,
   "logp": -7.419762229919433
  },
  "N4_d0.9": {
   "acc": 0.19,
   "logp": -4.911458683013916
  },
  "N8_d0.1": {
   "acc": 0.005,
   "logp": -10.057765846252442
  },
  "N8_d0.5": {
   "acc": 0.07,
   "logp": -7.844736022949219
  },
  "N8_d0.9": {
   "acc": 0.145,
   "logp": -5.311189918518067
  },
  "N16_d0.1": {
   "acc": 0.025,
   "logp": -9.468279705047607
  },
  "N16_d0.5": {
   "acc": 0.025,
   "logp": -8.309388732910156
  },
  "N16_d0.9": {
   "acc": 0.085,
   "logp": -5.991710662841797
  },
  "N32_d0.1": {
   "acc": 0.01,
   "logp": -9.752566585540771
  },
  "N32_d0.5": {
   "acc": 0.025,
   "logp": -8.368304138183595
  },
  "N32_d0.9": {
   "acc": 0.055,
   "logp": -6.4310339736938475
  },
  "N64_d0.1": {
   "acc": 0.01,
   "logp": -9.020618648529053
  },
  "N64_d0.5": {
   "acc": 0.02,
   "logp": -7.802084732055664
  },
  "N64_d0.9": {
   "acc": 0.025,
   "logp": -7.132220058441162
  }
 },
 "wall_seconds": 274
}