{
 "model": "state-spaces/mamba-1.4b-hf",
 "length": 896,
 "n_per_cell": 200,
 "seed": 0,
 "cells": {
  "N4_d0.1": {
   "acc": 0.41,
   "logp": -3.292757663726807
  },
  "N4_d0.5": {
   "acc": 0.55,
   "logp": -2.5884468603134154
  },
  "N4_d0.9": {
   "acc": 0.61,
   "logp": -1.981734619140625
  },
  "N8_d0.1": {
   "acc": 0.33,
   "logp": -3.861007375717163
  },
  "N8_d0.5": {
   "acc": 0.45,
   "logp": -3.0619134140014648
  },
  "N8_d0.9": {
   "acc": 0.545,
   "logp": -2.338191900253296
  },
  "N16_d0.1": {
   "acc": 0.265,
   "logp": -4.369943790435791
  },
  "N16_d0.5": {
   "acc": 0.32,
   "logp": -3.589477310180664
  },
  "N16_d0.9": {
   "acc": 0.48,
   "logp": -2.773913402557373
  },
  "N32_d0.1": {
   "acc": 0.165,
   "logp": -4.882590456008911
  },
  "N32_d0.5": {
   "acc": 0.19,
   "logp": -4.453331346511841
  },
  "N32_d0.9": {
   "acc": 0.315,
   "logp": -3.6028697967529295
  }
 },
 "wall_seconds": 241
}