{
 "model": "state-spaces/mamba-790m-hf",
 "length": 896,
 "n_per_cell": 200,
 "seed": 0,
 "cells": {
  "N4_d0.1": {
   "acc": 0.3,
   "logp": -3.300981283187866
  },
  "N4_d0.5": {
   "acc": 0.29,
   "logp": -3.3183228158950806
  },
  "N4_d0.9": {
   "acc": 0.355,
   "logp": -2.9948636436462404
  },
  "N8_d0.1": {
   "acc": 0.2,
   "logp": -4.071288967132569
  },
  "N8_d0.5": {
   "acc": 0.195,
   "logp": -3.886537160873413
  },
  "N8_d0.9": {
   "acc": 0.29,
   "logp": -3.5668389701843264
  },
  "N16_d0.1": {
   "acc": 0.165,
   "logp": -4.381826858520508
  },
  "N16_d0.5": {
   "acc": 0.12,
   "logp": -4.7350208187103275
  },
  "N16_d0.9": {
   "acc": 0.22,
   "logp": -4.234162111282348
  },
  "N32_d0.1": {
   "acc": 0.115,
   "logp": -4.849872188568115
  },
  "N32_d0.5": {
   "acc": 0.09,
   "logp": -4.893491516113281
  },
  "N32_d0.9": {
   "acc": 0.105,
   "logp": -4.765186328887939
  }
 },
 "wall_seconds": 174
}