{
 "model": "state-spaces/mamba-2.8b-hf",
 "length": 1900,
 "n_per_cell": 1000,
 "seed": 0,
 "cells": {
  "N4_d0.1": {
   "acc": 0.077,
   "logp": -7.384579341888427
  },
  "N4_d0.5": {
   "acc": 0.174,
   "logp": -5.357207363128662
  },
  "N4_d0.9": {
   "acc": 0.315,
   "logp": -3.5364370822906492
  },
  "N8_d0.1": {
   "acc": 0.069,
   "logp": -7.645189239501953
  },
  "N8_d0.5": {
   "acc": 0.097,
   "logp": -6.0283942222595215
  },
  "N8_d0.9": {
   "acc": 0.166,
   "logp": -4.557470632553101
  },
  "N16_d0.1": {
   "acc": 0.046,
   "logp": -7.893172687530518
  },
  "N16_d0.5": {
   "acc": 0.071,
   "logp": -6.631112758636474
  },
  "N16_d0.9": {
   "acc": 0.093,
   "logp": -5.341389741897583
  },
  "N32_d0.1": {
   "acc": 0.03,
   "logp": -7.947820285797119
  },
  "N32_d0.5": {
   "acc": 0.036,
   "logp": -6.83410897064209
  },
  "N32_d0.9": {
   "acc": 0.057,
   "logp": -5.713274787902832
  },
  "N64_d0.1": {
   "acc": 0.029,
   "logp": -7.295116996765136
  },
  "N64_d0.5": {
   "acc": 0.026,
   "logp": -6.595934482574463
  },
  "N64_d0.9": {
   "acc": 0.046,
   "logp": -5.801371635437012
  }
 },
 "wall_seconds": 1665
}