{
 "model": "state-spaces/mamba-370m-hf",
 "length": 896,
 "n_per_cell": 200,
 "seed": 0,
 "cells": {
  "N4_d0.1": {
   "acc": 0.185,
   "logp": -5.291191873550415
  },
  "N4_d0.5": {
   "acc": 0.215,
   "logp": -4.882828588485718
  },
  "N4_d0.9": {
   "acc": 0.275,
   "logp": -4.071359348297119
  },
  "N8_d0.1": {
   "acc": 0.13,
   "logp": -6.015506019592285
  },
  "N8_d0.5": {
   "acc": 0.15,
   "logp": -5.571188111305236
  },
  "N8_d0.9": {
   "acc": 0.215,
   "logp": -4.554025297164917
  },
  "N16_d0.1": {
   "acc": 0.07,
   "logp": -6.4031164169311525
  },
  "N16_d0.5": {
   "acc": 0.07,
   "logp": -6.056036853790284
  },
  "N16_d0.9": {
   "acc": 0.115,
   "logp": -5.349441814422607
  },
  "N32_d0.1": {
   "acc": 0.07,
   "logp": -6.28435338973999
  },
  "N32_d0.5": {
   "acc": 0.08,
   "logp": -6.058838043212891
  },
  "N32_d0.9": {
   "acc": 0.075,
   "logp": -5.562664184570313
  }
 },
 "wall_seconds": 184
}