{
 "model": "state-spaces/mamba-2.8b-hf",
 "length": 896,
 "n_per_cell": 200,
 "seed": 0,
 "cells": {
  "N4_d0.1": {
   "acc": 0.255,
   "logp": -4.082632131576538
  },
  "N4_d0.5": {
   "acc": 0.335,
   "logp": -3.6103271198272706
  },
  "N4_d0.9": {
   "acc": 0.36,
   "logp": -3.3286831188201904
  },
  "N8_d0.1": {
   "acc": 0.095,
   "logp": -5.067938423156738
  },
  "N8_d0.5": {
   "acc": 0.18,
   "logp": -4.739429330825805
  },
  "N8_d0.9": {
   "acc": 0.245,
   "logp": -4.135724487304688
  },
  "N16_d0.1": {
   "acc": 0.12,
   "logp": -5.415394973754883
  },
  "N16_d0.5": {
   "acc": 0.055,
   "logp": -5.3321226119995115
  },
  "N16_d0.9": {
   "acc": 0.15,
   "logp": -4.583601083755493
  },
  "N32_d0.1": {
   "acc": 0.075,
   "logp": -5.567939910888672
  },
  "N32_d0.5": {
   "acc": 0.07,
   "logp": -5.342968454360962
  },
  "N32_d0.9": {
   "acc": 0.115,
   "logp": -4.730526514053345
  }
 },
 "wall_seconds": 328
}