{
 "model": "state-spaces/mamba-1.4b-hf",
 "length": 1900,
 "n_per_cell": 1000,
 "seed": 0,
 "cells": {
  "N4_d0.1": {
   "acc": 0.083,
   "logp": -7.497251991271972
  },
  "N4_d0.5": {
   "acc": 0.247,
   "logp": -5.524493631362915
  },
  "N4_d0.9": {
   "acc": 0.62,
   "logp": -2.0818761734962465
  },
  "N8_d0.1": {
   "acc": 0.078,
   "logp": -7.78582413482666
  },
  "N8_d0.5": {
   "acc": 0.194,
   "logp": -5.606309791564941
  },
  "N8_d0.9": {
   "acc": 0.493,
   "logp": -2.6878999767303466
  },
  "N16_d0.1": {
   "acc": 0.05,
   "logp": -7.9059545516967775
  },
  "N16_d0.5": {
   "acc": 0.142,
   "logp": -5.93391482925415
  },
  "N16_d0.9": {
   "acc": 0.318,
   "logp": -3.6171135597229003
  },
  "N32_d0.1": {
   "acc": 0.027,
   "logp": -8.267632667541504
  },
  "N32_d0.5": {
   "acc": 0.072,
   "logp": -6.490967765808105
  },
  "N32_d0.9": {
   "acc": 0.198,
   "logp": -4.3705345726013185
  },
  "N64_d0.1": {
   "acc": 0.027,
   "logp": -8.095655254364013
  },
  "N64_d0.5": {
   "acc": 0.045,
   "logp": -6.605048858642578
  },
  "N64_d0.9": {
   "acc": 0.114,
   "logp": -5.083649169921875
  }
 },
 "wall_seconds": 932
}