{
 "model": "EleutherAI/pythia-2.8b",
 "length": 1900,
 "n_per_cell": 1000,
 "seed": 0,
 "cells": {
  "N4_d0.1": {
   "acc": 0.731,
   "logp": -1.3172004804611206
  },
  "N4_d0.5": {
   "acc": 0.77,
   "logp": -1.472564428806305
  },
  "N4_d0.9": {
   "acc": 0.751,
   "logp": -1.4484599676132202
  },
  "N8_d0.1": {
   "acc": 0.526,
   "logp": -2.521353515625
  },
  "N8_d0.5": {
   "acc": 0.561,
   "logp": -2.5523065309524537
  },
  "N8_d0.9": {
   "acc": 0.6,
   "logp": -2.3042207050323484
  },
  "N16_d0.1": {
   "acc": 0.366,
   "logp": -3.4085219345092774
  },
  "N16_d0.5": {
   "acc": 0.408,
   "logp": -3.4228897762298582
  },
  "N16_d0.9": {
   "acc": 0.399,
   "logp": -3.1972785625457765
  },
  "N32_d0.1": {
   "acc": 0.29,
   "logp": -3.9904371738433837
  },
  "N32_d0.5": {
   "acc": 0.273,
   "logp": -4.031699718475342
  },
  "N32_d0.9": {
   "acc": 0.361,
   "logp": -3.436433177947998
  },
  "N64_d0.1": {
   "acc": 0.216,
   "logp": -4.367936269760132
  },
  "N64_d0.5": {
   "acc": 0.236,
   "logp": -4.276588195800781
  },
  "N64_d0.9": {
   "acc": 0.24,
   "logp": -4.067924467086792
  }
 },
 "wall_seconds": 435
}