{
 "model": "EleutherAI/pythia-2.8b",
 "length": 1900,
 "n_per_cell": 200,
 "seed": 0,
 "cells": {
  "N4_d0.1": {
   "acc": 0.78,
   "logp": -1.263743395805359
  },
  "N4_d0.5": {
   "acc": 0.735,
   "logp": -1.4637825798988342
  },
  "N4_d0.9": {
   "acc": 0.74,
   "logp": -1.487545564174652
  },
  "N8_d0.1": {
   "acc": 0.55,
   "logp": -2.4428488874435423
  },
  "N8_d0.5": {
   "acc": 0.5,
   "logp": -2.7098488235473632
  },
  "N8_d0.9": {
   "acc": 0.605,
   "logp": -2.237659831047058
  },
  "N16_d0.1": {
   "acc": 0.345,
   "logp": -3.458163471221924
  },
  "N16_d0.5": {
   "acc": 0.365,
   "logp": -3.446408166885376
  },
  "N16_d0.9": {
   "acc": 0.37,
   "logp": -3.246741361618042
  },
  "N32_d0.1": {
   "acc": 0.25,
   "logp": -4.0203218841552735
  },
  "N32_d0.5": {
   "acc": 0.345,
   "logp": -3.8047562503814696
  },
  "N32_d0.9": {
   "acc": 0.325,
   "logp": -3.5907987213134764
  },
  "N64_d0.1": {
   "acc": 0.28,
   "logp": -4.310579175949097
  },
  "N64_d0.5": {
   "acc": 0.22,
   "logp": -4.348633813858032
  },
  "N64_d0.9": {
   "acc": 0.22,
   "logp": -4.160906896591187
  }
 },
 "wall_seconds": 155
}