{
 "model": "EleutherAI/pythia-1.4b",
 "length": 1900,
 "n_per_cell": 200,
 "seed": 0,
 "cells": {
  "N4_d0.1": {
   "acc": 0.415,
   "logp": -2.9090309524536133
  },
  "N4_d0.5": {
   "acc": 0.57,
   "logp": -2.4676810264587403
  },
  "N4_d0.9": {
   "acc": 0.61,
   "logp": -2.1543673276901245
  },
  "N8_d0.1": {
   "acc": 0.315,
   "logp": -3.9584538173675536
  },
  "N8_d0.5": {
   "acc": 0.4,
   "logp": -3.1476532459259032
  },
  "N8_d0.9": {
   "acc": 0.495,
   "logp": -2.9160059595108034
  },
  "N16_d0.1": {
   "acc": 0.21,
   "logp": -4.602530612945556
  },
  "N16_d0.5": {
   "acc": 0.29,
   "logp": -3.920212535858154
  },
  "N16_d0.9": {
   "acc": 0.39,
   "logp": -3.3351466464996338
  },
  "N32_d0.1": {
   "acc": 0.17,
   "logp": -4.8249674415588375
  },
  "N32_d0.5": {
   "acc": 0.255,
   "logp": -4.146019811630249
  },
  "N32_d0.9": {
   "acc": 0.295,
   "logp": -3.8492804527282716
  },
  "N64_d0.1": {
   "acc": 0.14,
   "logp": -4.89257884979248
  },
  "N64_d0.5": {
   "acc": 0.2,
   "logp": -4.313699445724487
  },
  "N64_d0.9": {
   "acc": 0.3,
   "logp": -3.9928501415252686
  }
 },
 "wall_seconds": 99
}