{
 "model": "EleutherAI/pythia-1.4b",
 "length": 896,
 "n_per_cell": 200,
 "seed": 0,
 "cells": {
  "N4_d0.1": {
   "acc": 0.555,
   "logp": -2.2909824419021607
  },
  "N4_d0.5": {
   "acc": 0.66,
   "logp": -2.1117199420928956
  },
  "N4_d0.9": {
   "acc": 0.62,
   "logp": -2.191851010322571
  },
  "N8_d0.1": {
   "acc": 0.48,
   "logp": -3.0063263034820555
  },
  "N8_d0.5": {
   "acc": 0.545,
   "logp": -2.709818034172058
  },
  "N8_d0.9": {
   "acc": 0.505,
   "logp": -2.9524831771850586
  },
  "N16_d0.1": {
   "acc": 0.405,
   "logp": -3.3812403869628906
  },
  "N16_d0.5": {
   "acc": 0.475,
   "logp": -3.261832904815674
  },
  "N16_d0.9": {
   "acc": 0.48,
   "logp": -3.0838808250427245
  },
  "N32_d0.1": {
   "acc": 0.31,
   "logp": -3.936925935745239
  },
  "N32_d0.5": {
   "acc": 0.355,
   "logp": -3.5673814868927
  },
  "N32_d0.9": {
   "acc": 0.48,
   "logp": -3.0503305912017824
  }
 },
 "wall_seconds": 49
}