{
 "model": "EleutherAI/pythia-1b",
 "length": 1900,
 "n_per_cell": 200,
 "seed": 0,
 "cells": {
  "N4_d0.1": {
   "acc": 0.47,
   "logp": -2.020078158378601
  },
  "N4_d0.5": {
   "acc": 0.65,
   "logp": -1.5698756980895996
  },
  "N4_d0.9": {
   "acc": 0.67,
   "logp": -1.3844139719009398
  },
  "N8_d0.1": {
   "acc": 0.33,
   "logp": -3.1800767612457275
  },
  "N8_d0.5": {
   "acc": 0.395,
   "logp": -2.980410780906677
  },
  "N8_d0.9": {
   "acc": 0.44,
   "logp": -2.5263990354537964
  },
  "N16_d0.1": {
   "acc": 0.225,
   "logp": -4.4276111125946045
  },
  "N16_d0.5": {
   "acc": 0.21,
   "logp": -4.1011616897583005
  },
  "N16_d0.9": {
   "acc": 0.28,
   "logp": -3.544950761795044
  },
  "N32_d0.1": {
   "acc": 0.095,
   "logp": -5.315687408447266
  },
  "N32_d0.5": {
   "acc": 0.16,
   "logp": -4.76190489768982
  },
  "N32_d0.9": {
   "acc": 0.15,
   "logp": -4.425556287765503
  },
  "N64_d0.1": {
   "acc": 0.055,
   "logp": -5.730222225189209
  },
  "N64_d0.5": {
   "acc": 0.085,
   "logp": -5.279131565093994
  },
  "N64_d0.9": {
   "acc": 0.075,
   "logp": -5.1840113830566406
  }
 },
 "wall_seconds": 74
}