{
 "model": "EleutherAI/pythia-70m",
 "length": 896,
 "n_per_cell": 200,
 "seed": 0,
 "cells": {
  "N4_d0.1": {
   "acc": 0.01,
   "logp": -8.111527519226074
  },
  "N4_d0.5": {
   "acc": 0.01,
   "logp": -7.489149513244629
  },
  "N4_d0.9": {
   "acc": 0.045,
   "logp": -6.942961273193359
  },
  "N8_d0.1": {
   "acc": 0.005,
   "logp": -8.214682559967041
  },
  "N8_d0.5": {
   "acc": 0.005,
   "logp": -8.200293502807618
  },
  "N8_d0.9": {
   "acc": 0.03,
   "logp": -7.60618782043457
  },
  "N16_d0.1": {
   "acc": 0.005,
   "logp": -8.801175117492676
  },
  "N16_d0.5": {
   "acc": 0.015,
   "logp": -8.299989833831788
  },
  "N16_d0.9": {
   "acc": 0.0,
   "logp": -8.368718185424804
  },
  "N32_d0.1": {
   "acc": 0.01,
   "logp": -9.03443769454956
  },
  "N32_d0.5": {
   "acc": 0.005,
   "logp": -8.426971244812012
  },
  "N32_d0.9": {
   "acc": 0.005,
   "logp": -8.73853910446167
  }
 },
 "wall_seconds": 9
}