{
 "model": "EleutherAI/pythia-1.4b",
 "length": 1900,
 "n_per_cell": 1000,
 "seed": 0,
 "cells": {
  "N4_d0.1": {
   "acc": 0.438,
   "logp": -2.852521768569946
  },
  "N4_d0.5": {
   "acc": 0.552,
   "logp": -2.3897702264785767
  },
  "N4_d0.9": {
   "acc": 0.615,
   "logp": -2.1605642461776733
  },
  "N8_d0.1": {
   "acc": 0.308,
   "logp": -3.9418345966339112
  },
  "N8_d0.5": {
   "acc": 0.391,
   "logp": -3.2580983085632322
  },
  "N8_d0.9": {
   "acc": 0.489,
   "logp": -2.8727962408065797
  },
  "N16_d0.1": {
   "acc": 0.19,
   "logp": -4.771954881668091
  },
  "N16_d0.5": {
   "acc": 0.297,
   "logp": -3.783505802154541
  },
  "N16_d0.9": {
   "acc": 0.362,
   "logp": -3.446210969924927
  },
  "N32_d0.1": {
   "acc": 0.186,
   "logp": -4.781257204055786
  },
  "N32_d0.5": {
   "acc": 0.24,
   "logp": -4.269434251785278
  },
  "N32_d0.9": {
   "acc": 0.332,
   "logp": -3.707717603683472
  },
  "N64_d0.1": {
   "acc": 0.172,
   "logp": -4.762759641647339
  },
  "N64_d0.5": {
   "acc": 0.212,
   "logp": -4.5163586235046385
  },
  "N64_d0.9": {
   "acc": 0.314,
   "logp": -3.8490869731903077
  }
 },
 "wall_seconds": 217
}