{
 "model": "EleutherAI/pythia-410m",
 "length": 896,
 "n_per_cell": 200,
 "seed": 0,
 "cells": {
  "N4_d0.1": {
   "acc": 0.64,
   "logp": -1.64041179895401
  },
  "N4_d0.5": {
   "acc": 0.625,
   "logp": -1.657249677181244
  },
  "N4_d0.9": {
   "acc": 0.695,
   "logp": -1.4876774787902831
  },
  "N8_d0.1": {
   "acc": 0.435,
   "logp": -2.715052270889282
  },
  "N8_d0.5": {
   "acc": 0.495,
   "logp": -2.46872332572937
  },
  "N8_d0.9": {
   "acc": 0.615,
   "logp": -2.168931007385254
  },
  "N16_d0.1": {
   "acc": 0.425,
   "logp": -3.363929719924927
  },
  "N16_d0.5": {
   "acc": 0.36,
   "logp": -3.4594990825653076
  },
  "N16_d0.9": {
   "acc": 0.44,
   "logp": -3.090029625892639
  },
  "N32_d0.1": {
   "acc": 0.185,
   "logp": -4.507504606246949
  },
  "N32_d0.5": {
   "acc": 0.265,
   "logp": -4.0690484046936035
  },
  "N32_d0.9": {
   "acc": 0.33,
   "logp": -3.5603971004486086
  }
 },
 "wall_seconds": 27
}