{
 "model": "EleutherAI/pythia-160m",
 "length": 896,
 "n_per_cell": 200,
 "seed": 0,
 "cells": {
  "N4_d0.1": {
   "acc": 0.06,
   "logp": -5.757565135955811
  },
  "N4_d0.5": {
   "acc": 0.04,
   "logp": -5.881456165313721
  },
  "N4_d0.9": {
   "acc": 0.03,
   "logp": -6.244108619689942
  },
  "N8_d0.1": {
   "acc": 0.015,
   "logp": -6.85520456314087
  },
  "N8_d0.5": {
   "acc": 0.035,
   "logp": -6.817221450805664
  },
  "N8_d0.9": {
   "acc": 0.025,
   "logp": -7.165601825714111
  },
  "N16_d0.1": {
   "acc": 0.015,
   "logp": -7.706793727874756
  },
  "N16_d0.5": {
   "acc": 0.015,
   "logp": -7.750989608764648
  },
  "N16_d0.9": {
   "acc": 0.005,
   "logp": -8.465355453491211
  },
  "N32_d0.1": {
   "acc": 0.005,
   "logp": -8.688703022003175
  },
  "N32_d0.5": {
   "acc": 0.01,
   "logp": -8.421994819641114
  },
  "N32_d0.9": {
   "acc": 0.005,
   "logp": -8.241326942443848
  }
 },
 "wall_seconds": 17
}