{
 "model": "EleutherAI/pythia-2.8b",
 "length": 896,
 "n_per_cell": 200,
 "seed": 0,
 "cells": {
  "N4_d0.1": {
   "acc": 0.765,
   "logp": -1.6754933643341063
  },
  "N4_d0.5": {
   "acc": 0.715,
   "logp": -1.5598400521278382
  },
  "N4_d0.9": {
   "acc": 0.78,
   "logp": -1.5616857099533081
  },
  "N8_d0.1": {
   "acc": 0.565,
   "logp": -2.726994972229004
  },
  "N8_d0.5": {
   "acc": 0.42,
   "logp": -2.732953109741211
  },
  "N8_d0.9": {
   "acc": 0.66,
   "logp": -2.2260643339157102
  },
  "N16_d0.1": {
   "acc": 0.32,
   "logp": -3.842662286758423
  },
  "N16_d0.5": {
   "acc": 0.3,
   "logp": -3.597465543746948
  },
  "N16_d0.9": {
   "acc": 0.53,
   "logp": -2.571769142150879
  },
  "N32_d0.1": {
   "acc": 0.225,
   "logp": -4.3696666431427005
  },
  "N32_d0.5": {
   "acc": 0.35,
   "logp": -3.741513967514038
  },
  "N32_d0.9": {
   "acc": 0.385,
   "logp": -3.172494878768921
  }
 },
 "wall_seconds": 80
}