{
 "model": "EleutherAI/pythia-160m",
 "length": 1900,
 "n_per_cell": 200,
 "seed": 0,
 "cells": {
  "N4_d0.1": {
   "acc": 0.06,
   "logp": -5.834167804718017
  },
  "N4_d0.5": {
   "acc": 0.03,
   "logp": -6.75457654953003
  },
  "N4_d0.9": {
   "acc": 0.01,
   "logp": -6.833013324737549
  },
  "N8_d0.1": {
   "acc": 0.03,
   "logp": -6.7183229446411135
  },
  "N8_d0.5": {
   "acc": 0.015,
   "logp": -7.565093517303467
  },
  "N8_d0.9": {
   "acc": 0.025,
   "logp": -7.554457778930664
  },
  "N16_d0.1": {
   "acc": 0.035,
   "logp": -7.406858711242676
  },
  "N16_d0.5": {
   "acc": 0.015,
   "logp": -8.020982475280762
  },
  "N16_d0.9": {
   "acc": 0.0,
   "logp": -8.599072818756104
  },
  "N32_d0.1": {
   "acc": 0.005,
   "logp": -8.389016742706298
  },
  "N32_d0.5": {
   "acc": 0.01,
   "logp": -8.627494468688965
  },
  "N32_d0.9": {
   "acc": 0.005,
   "logp": -8.541679897308349
  },
  "N64_d0.1": {
   "acc": 0.0,
   "logp": -8.66207223892212
  },
  "N64_d0.5": {
   "acc": 0.0,
   "logp": -8.71582088470459
  },
  "N64_d0.9": {
   "acc": 0.0,
   "logp": -8.80334680557251
  }
 },
 "wall_seconds": 25
}