{
 "model": "EleutherAI/pythia-70m",
 "length": 1900,
 "n_per_cell": 200,
 "seed": 0,
 "cells": {
  "N4_d0.1": {
   "acc": 0.0,
   "logp": -9.014579963684081
  },
  "N4_d0.5": {
   "acc": 0.005,
   "logp": -9.466935443878175
  },
  "N4_d0.9": {
   "acc": 0.015,
   "logp": -7.786730823516845
  },
  "N8_d0.1": {
   "acc": 0.0,
   "logp": -9.196644191741944
  },
  "N8_d0.5": {
   "acc": 0.0,
   "logp": -9.117807121276856
  },
  "N8_d0.9": {
   "acc": 0.025,
   "logp": -8.242634410858154
  },
  "N16_d0.1": {
   "acc": 0.0,
   "logp": -9.226743984222413
  },
  "N16_d0.5": {
   "acc": 0.01,
   "logp": -9.868689956665039
  },
  "N16_d0.9": {
   "acc": 0.01,
   "logp": -8.558617191314697
  },
  "N32_d0.1": {
   "acc": 0.0,
   "logp": -10.234217109680175
  },
  "N32_d0.5": {
   "acc": 0.005,
   "logp": -9.6813032913208
  },
  "N32_d0.9": {
   "acc": 0.0,
   "logp": -9.125262050628661
  },
  "N64_d0.1": {
   "acc": 0.0,
   "logp": -10.090403213500977
  },
  "N64_d0.5": {
   "acc": 0.0,
   "logp": -9.598268337249756
  },
  "N64_d0.9": {
   "acc": 0.005,
   "logp": -9.308120422363281
  }
 },
 "wall_seconds": 11
}