{
 "model": "EleutherAI/pythia-1b",
 "length": 896,
 "n_per_cell": 200,
 "seed": 0,
 "cells": {
  "N4_d0.1": {
   "acc": 0.55,
   "logp": -1.6600713634490967
  },
  "N4_d0.5": {
   "acc": 0.7,
   "logp": -1.2566719770431518
  },
  "N4_d0.9": {
   "acc": 0.64,
   "logp": -1.4035180115699768
  },
  "N8_d0.1": {
   "acc": 0.415,
   "logp": -2.952361235618591
  },
  "N8_d0.5": {
   "acc": 0.43,
   "logp": -2.7552804851531985
  },
  "N8_d0.9": {
   "acc": 0.42,
   "logp": -2.5720845222473145
  },
  "N16_d0.1": {
   "acc": 0.29,
   "logp": -4.037436008453369
  },
  "N16_d0.5": {
   "acc": 0.25,
   "logp": -3.7192855167388914
  },
  "N16_d0.9": {
   "acc": 0.285,
   "logp": -3.5950229072570803
  },
  "N32_d0.1": {
   "acc": 0.105,
   "logp": -4.959553060531616
  },
  "N32_d0.5": {
   "acc": 0.16,
   "logp": -4.5234668159484865
  },
  "N32_d0.9": {
   "acc": 0.2,
   "logp": -4.288314304351807
  }
 },
 "wall_seconds": 32
}