{
 "model": "EleutherAI/pythia-410m",
 "length": 1900,
 "n_per_cell": 200,
 "seed": 0,
 "cells": {
  "N4_d0.1": {
   "acc": 0.575,
   "logp": -2.1544364404678347
  },
  "N4_d0.5": {
   "acc": 0.55,
   "logp": -2.2665043830871583
  },
  "N4_d0.9": {
   "acc": 0.635,
   "logp": -1.5739672303199768
  },
  "N8_d0.1": {
   "acc": 0.345,
   "logp": -3.6773152351379395
  },
  "N8_d0.5": {
   "acc": 0.345,
   "logp": -3.3977309560775755
  },
  "N8_d0.9": {
   "acc": 0.485,
   "logp": -2.3318597745895384
  },
  "N16_d0.1": {
   "acc": 0.27,
   "logp": -4.249199113845825
  },
  "N16_d0.5": {
   "acc": 0.245,
   "logp": -4.451759481430054
  },
  "N16_d0.9": {
   "acc": 0.345,
   "logp": -3.4431089687347414
  },
  "N32_d0.1": {
   "acc": 0.185,
   "logp": -5.089584550857544
  },
  "N32_d0.5": {
   "acc": 0.165,
   "logp": -4.951001300811767
  },
  "N32_d0.9": {
   "acc": 0.255,
   "logp": -4.1090263080596925
  },
  "N64_d0.1": {
   "acc": 0.08,
   "logp": -5.828081893920898
  },
  "N64_d0.5": {
   "acc": 0.095,
   "logp": -5.569555854797363
  },
  "N64_d0.9": {
   "acc": 0.1,
   "logp": -5.154881420135498
  }
 },
 "wall_seconds": 49
}