{
 "model": "RWKV/rwkv-4-169m-pile",
 "length": 896,
 "n_per_cell": 200,
 "seed": 0,
 "cells": {
  "N4_d0.1": {
   "acc": 0.0,
   "logp": -12.827588272094726
  },
  "N4_d0.5": {
   "acc": 0.0,
   "logp": -12.62080047607422
  },
  "N4_d0.9": {
   "acc": 0.0,
   "logp": -10.413908920288087
  },
  "N8_d0.1": {
   "acc": 0.0,
   "logp": -12.955761070251464
  },
  "N8_d0.5": {
   "acc": 0.0,
   "logp": -12.479721870422363
  },
  "N8_d0.9": {
   "acc": 0.0,
   "logp": -10.118118171691895
  },
  "N16_d0.1": {
   "acc": 0.0,
   "logp": -12.738180160522461
  },
  "N16_d0.5": {
   "acc": 0.0,
   "logp": -12.183184394836426
  },
  "N16_d0.9": {
   "acc": 0.0,
   "logp": -9.664269790649413
  },
  "N32_d0.1": {
   "acc": 0.0,
   "logp": -12.586495170593262
  },
  "N32_d0.5": {
   "acc": 0.0,
   "logp": -11.839822616577148
  },
  "N32_d0.9": {
   "acc": 0.0,
   "logp": -9.325718402862549
  }
 },
 "wall_seconds": 2228
}