{
 "model": "RWKV/rwkv-4-1b5-pile",
 "length": 896,
 "n_per_cell": 200,
 "seed": 0,
 "cells": {
  "N4_d0.1": {
   "acc": 0.0,
   "logp": -11.493084678649902
  },
  "N4_d0.5": {
   "acc": 0.0,
   "logp": -10.419867706298827
  },
  "N4_d0.9": {
   "acc": 0.05,
   "logp": -7.225315074920655
  },
  "N8_d0.1": {
   "acc": 0.0,
   "logp": -11.878361473083496
  },
  "N8_d0.5": {
   "acc": 0.005,
   "logp": -10.472916603088379
  },
  "N8_d0.9": {
   "acc": 0.025,
   "logp": -7.556375408172608
  },
  "N16_d0.1": {
   "acc": 0.0,
   "logp": -11.324049530029297
  },
  "N16_d0.5": {
   "acc": 0.0,
   "logp": -10.097645454406738
  },
  "N16_d0.9": {
   "acc": 0.025,
   "logp": -7.242286376953125
  },
  "N32_d0.1": {
   "acc": 0.0,
   "logp": -10.855559005737305
  },
  "N32_d0.5": {
   "acc": 0.01,
   "logp": -9.015666332244873
  },
  "N32_d0.9": {
   "acc": 0.015,
   "logp": -7.049112358093262
  }
 },
 "wall_seconds": 3818
}