{
 "model": "RWKV/rwkv-4-3b-pile",
 "length": 1900,
 "n_per_cell": 1000,
 "seed": 0,
 "cells": {
  "N4_d0.1": {
   "acc": 0.001,
   "logp": -11.699612327575684
  },
  "N4_d0.5": {
   "acc": 0.005,
   "logp": -11.101089096069336
  },
  "N4_d0.9": {
   "acc": 0.027,
   "logp": -7.843596946716309
  },
  "N8_d0.1": {
   "acc": 0.001,
   "logp": -11.815056182861328
  },
  "N8_d0.5": {
   "acc": 0.004,
   "logp": -11.118665412902832
  },
  "N8_d0.9": {
   "acc": 0.024,
   "logp": -7.46137931060791
  },
  "N16_d0.1": {
   "acc": 0.001,
   "logp": -11.761006591796875
  },
  "N16_d0.5": {
   "acc": 0.002,
   "logp": -11.029167427062989
  },
  "N16_d0.9": {
   "acc": 0.02,
   "logp": -7.469861171722412
  },
  "N32_d0.1": {
   "acc": 0.0,
   "logp": -11.474846984863282
  },
  "N32_d0.5": {
   "acc": 0.004,
   "logp": -10.711698913574219
  },
  "N32_d0.9": {
   "acc": 0.02,
   "logp": -7.271550071716309
  },
  "N64_d0.1": {
   "acc": 0.0,
   "logp": -11.262000991821289
  },
  "N64_d0.5": {
   "acc": 0.001,
   "logp": -10.000113800048828
  },
  "N64_d0.9": {
   "acc": 0.009,
   "logp": -7.020462265014649
  }
 },
 "wall_seconds": 40762
}