{
 "model": "RWKV/rwkv-4-169m-pile",
 "length": 1900,
 "n_per_cell": 200,
 "seed": 0,
 "cells": {
  "N4_d0.1": {
   "acc": 0.0,
   "logp": -12.955443572998046
  },
  "N4_d0.5": {
   "acc": 0.0,
   "logp": -13.095153121948242
  },
  "N4_d0.9": {
   "acc": 0.0,
   "logp": -11.437858390808106
  },
  "N8_d0.1": {
   "acc": 0.0,
   "logp": -13.155724830627442
  },
  "N8_d0.5": {
   "acc": 0.0,
   "logp": -13.174968757629394
  },
  "N8_d0.9": {
   "acc": 0.0,
   "logp": -11.266212196350098
  },
  "N16_d0.1": {
   "acc": 0.0,
   "logp": -12.919826965332032
  },
  "N16_d0.5": {
   "acc": 0.0,
   "logp": -13.285985298156739
  },
  "N16_d0.9": {
   "acc": 0.0,
   "logp": -11.33368808746338
  },
  "N32_d0.1": {
   "acc": 0.0,
   "logp": -13.179097480773926
  },
  "N32_d0.5": {
   "acc": 0.0,
   "logp": -13.035803108215331
  },
  "N32_d0.9": {
   "acc": 0.0,
   "logp": -11.39375358581543
  },
  "N64_d0.1": {
   "acc": 0.0,
   "logp": -13.158323364257813
  },
  "N64_d0.5": {
   "acc": 0.0,
   "logp": -13.237714347839356
  },
  "N64_d0.9": {
   "acc": 0.0,
   "logp": -12.072490882873534
  }
 },
 "wall_seconds": 4844
}