{
 "model": "RWKV/rwkv-4-1b5-pile",
 "length": 1900,
 "n_per_cell": 200,
 "seed": 0,
 "cells": {
  "N4_d0.1": {
   "acc": 0.0,
   "logp": -12.15153896331787
  },
  "N4_d0.5": {
   "acc": 0.0,
   "logp": -11.94612606048584
  },
  "N4_d0.9": {
   "acc": 0.015,
   "logp": -8.836879024505615
  },
  "N8_d0.1": {
   "acc": 0.0,
   "logp": -12.453304290771484
  },
  "N8_d0.5": {
   "acc": 0.0,
   "logp": -11.88549186706543
  },
  "N8_d0.9": {
   "acc": 0.015,
   "logp": -8.729424915313722
  },
  "N16_d0.1": {
   "acc": 0.0,
   "logp": -12.161939125061036
  },
  "N16_d0.5": {
   "acc": 0.0,
   "logp": -11.794975776672363
  },
  "N16_d0.9": {
   "acc": 0.02,
   "logp": -8.449797611236573
  },
  "N32_d0.1": {
   "acc": 0.0,
   "logp": -12.253835067749023
  },
  "N32_d0.5": {
   "acc": 0.0,
   "logp": -11.563452110290527
  },
  "N32_d0.9": {
   "acc": 0.0,
   "logp": -8.281887092590331
  },
  "N64_d0.1": {
   "acc": 0.0,
   "logp": -12.160980453491211
  },
  "N64_d0.5": {
   "acc": 0.0,
   "logp": -10.9944331741333
  },
  "N64_d0.9": {
   "acc": 0.005,
   "logp": -8.293389987945556
  }
 },
 "wall_seconds": 8018
}