{
 "model": "RWKV/rwkv-4-430m-pile",
 "length": 1900,
 "n_per_cell": 200,
 "seed": 0,
 "cells": {
  "N4_d0.1": {
   "acc": 0.0,
   "logp": -13.097727890014648
  },
  "N4_d0.5": {
   "acc": 0.0,
   "logp": -13.263525924682618
  },
  "N4_d0.9": {
   "acc": 0.0,
   "logp": -11.269006271362304
  },
  "N8_d0.1": {
   "acc": 0.0,
   "logp": -13.318953247070313
  },
  "N8_d0.5": {
   "acc": 0.0,
   "logp": -13.294565467834472
  },
  "N8_d0.9": {
   "acc": 0.0,
   "logp": -11.001599769592286
  },
  "N16_d0.1": {
   "acc": 0.0,
   "logp": -13.145630416870118
  },
  "N16_d0.5": {
   "acc": 0.0,
   "logp": -13.180634536743163
  },
  "N16_d0.9": {
   "acc": 0.0,
   "logp": -11.228078460693359
  },
  "N32_d0.1": {
   "acc": 0.0,
   "logp": -13.217176017761231
  },
  "N32_d0.5": {
   "acc": 0.0,
   "logp": -13.128842887878418
  },
  "N32_d0.9": {
   "acc": 0.0,
   "logp": -11.35667079925537
  },
  "N64_d0.1": {
   "acc": 0.0,
   "logp": -13.309173126220703
  },
  "N64_d0.5": {
   "acc": 0.0,
   "logp": -13.212810707092284
  },
  "N64_d0.9": {
   "acc": 0.0,
   "logp": -12.03910717010498
  }
 },
 "wall_seconds": 8274
}