{
 "model": "RWKV/rwkv-4-3b-pile",
 "length": 896,
 "n_per_cell": 200,
 "seed": 0,
 "cells": {
  "N4_d0.1": {
   "acc": 0.01,
   "logp": -10.88105068206787
  },
  "N4_d0.5": {
   "acc": 0.01,
   "logp": -9.298156032562256
  },
  "N4_d0.9": {
   "acc": 0.055,
   "logp": -6.419593105316162
  },
  "N8_d0.1": {
   "acc": 0.02,
   "logp": -11.035641021728516
  },
  "N8_d0.5": {
   "acc": 0.01,
   "logp": -9.304697952270509
  },
  "N8_d0.9": {
   "acc": 0.065,
   "logp": -6.130884399414063
  },
  "N16_d0.1": {
   "acc": 0.0,
   "logp": -9.91169033050537
  },
  "N16_d0.5": {
   "acc": 0.005,
   "logp": -8.65270980834961
  },
  "N16_d0.9": {
   "acc": 0.05,
   "logp": -6.220351867675781
  },
  "N32_d0.1": {
   "acc": 0.0,
   "logp": -9.338357276916504
  },
  "N32_d0.5": {
   "acc": 0.01,
   "logp": -8.007224140167237
  },
  "N32_d0.9": {
   "acc": 0.035,
   "logp": -6.074949798583984
  }
 },
 "wall_seconds": 4836
}