{
 "model": "RWKV/rwkv-4-430m-pile",
 "length": 896,
 "n_per_cell": 200,
 "seed": 0,
 "cells": {
  "N4_d0.1": {
   "acc": 0.0,
   "logp": -12.837714195251465
  },
  "N4_d0.5": {
   "acc": 0.0,
   "logp": -12.272948760986328
  },
  "N4_d0.9": {
   "acc": 0.01,
   "logp": -9.152048683166504
  },
  "N8_d0.1": {
   "acc": 0.0,
   "logp": -12.974419822692871
  },
  "N8_d0.5": {
   "acc": 0.0,
   "logp": -12.094405822753906
  },
  "N8_d0.9": {
   "acc": 0.015,
   "logp": -9.15146520614624
  },
  "N16_d0.1": {
   "acc": 0.0,
   "logp": -12.849675064086915
  },
  "N16_d0.5": {
   "acc": 0.0,
   "logp": -11.676803512573242
  },
  "N16_d0.9": {
   "acc": 0.005,
   "logp": -8.943364486694335
  },
  "N32_d0.1": {
   "acc": 0.0,
   "logp": -12.467669143676758
  },
  "N32_d0.5": {
   "acc": 0.0,
   "logp": -11.203131942749023
  },
  "N32_d0.9": {
   "acc": 0.0,
   "logp": -8.757183246612549
  }
 },
 "wall_seconds": 3946
}