{
 "model": "RWKV/rwkv-4-1b5-pile",
 "length": 1900,
 "n_per_cell": 1000,
 "seed": 0,
 "cells": {
  "N4_d0.1": {
   "acc": 0.0,
   "logp": -12.169711769104003
  },
  "N4_d0.5": {
   "acc": 0.0,
   "logp": -11.88153507232666
  },
  "N4_d0.9": {
   "acc": 0.02,
   "logp": -8.772642410278321
  },
  "N8_d0.1": {
   "acc": 0.0,
   "logp": -12.365802665710449
  },
  "N8_d0.5": {
   "acc": 0.001,
   "logp": -11.820523590087891
  },
  "N8_d0.9": {
   "acc": 0.02,
   "logp": -8.427775093078614
  },
  "N16_d0.1": {
   "acc": 0.0,
   "logp": -12.250165588378906
  },
  "N16_d0.5": {
   "acc": 0.0,
   "logp": -11.846767051696776
  },
  "N16_d0.9": {
   "acc": 0.011,
   "logp": -8.551955516815186
  },
  "N32_d0.1": {
   "acc": 0.0,
   "logp": -12.207066604614258
  },
  "N32_d0.5": {
   "acc": 0.0,
   "logp": -11.632526161193848
  },
  "N32_d0.9": {
   "acc": 0.004,
   "logp": -8.416828784942627
  },
  "N64_d0.1": {
   "acc": 0.0,
   "logp": -12.034450363159179
  },
  "N64_d0.5": {
   "acc": 0.0,
   "logp": -11.061181411743163
  },
  "N64_d0.9": {
   "acc": 0.008,
   "logp": -8.031847904205323
  }
 },
 "wall_seconds": 31576
}