{
 "model": "RWKV/rwkv-4-3b-pile",
 "length": 1900,
 "n_per_cell": 200,
 "seed": 0,
 "cells": {
  "N4_d0.1": {
   "acc": 0.0,
   "logp": -11.796807632446288
  },
  "N4_d0.5": {
   "acc": 0.005,
   "logp": -11.130584487915039
  },
  "N4_d0.9": {
   "acc": 0.035,
   "logp": -8.27105276107788
  },
  "N8_d0.1": {
   "acc": 0.0,
   "logp": -11.92316219329834
  },
  "N8_d0.5": {
   "acc": 0.0,
   "logp": -11.174208793640137
  },
  "N8_d0.9": {
   "acc": 0.055,
   "logp": -7.445492515563965
  },
  "N16_d0.1": {
   "acc": 0.0,
   "logp": -11.392698974609376
  },
  "N16_d0.5": {
   "acc": 0.0,
   "logp": -10.980935020446777
  },
  "N16_d0.9": {
   "acc": 0.015,
   "logp": -7.361861114501953
  },
  "N32_d0.1": {
   "acc": 0.0,
   "logp": -11.665511016845704
  },
  "N32_d0.5": {
   "acc": 0.0,
   "logp": -11.002451286315917
  },
  "N32_d0.9": {
   "acc": 0.015,
   "logp": -7.123164234161377
  },
  "N64_d0.1": {
   "acc": 0.0,
   "logp": -11.275036277770996
  },
  "N64_d0.5": {
   "acc": 0.0,
   "logp": -9.537936420440674
  },
  "N64_d0.9": {
   "acc": 0.005,
   "logp": -7.073063049316406
  }
 },
 "wall_seconds": 10129
}