{
 "C_iii_8seed": {
  "acc_at_40": {
   "0": 1.0,
   "1": 1.0,
   "2": 0.0205,
   "3": 0.766,
   "4": 1.0,
   "5": 0.0095,
   "6": 0.008,
   "7": 1.0
  },
  "acc_at_256": {
   "0": 0.995,
   "1": 1.0,
   "2": 0.0125,
   "3": 0.492,
   "4": 0.474,
   "5": 0.008,
   "6": 0.008,
   "7": 0.9945
  },
  "acc_at_512": {
   "0": 0.6995,
   "1": 1.0,
   "2": 0.0065,
   "3": 0.2565,
   "4": 0.043,
   "5": 0.0075,
   "6": 0.012,
   "7": 0.5035
  },
  "n_pass_at_256": 3,
  "n_seeds": 8,
  "amended_pass": false
 },
 "C_staircase_general_256": {
  "c_delta_b2": {
   "per_seed": {
    "0": 0.006,
    "1": 0.009,
    "2": 0.015
   },
   "mean": 0.01
  },
  "c_dp2": {
   "per_seed": {
    "0": 0.0215,
    "1": 0.006,
    "2": 0.007
   },
   "mean": 0.011
  },
  "c_dp4": {
   "per_seed": {
    "0": 0.995,
    "1": 1.0,
    "2": 0.0125,
    "3": 0.492,
    "4": 0.474,
    "5": 0.008,
    "6": 0.008,
    "7": 0.9945
   },
   "mean": 0.498
  }
 },
 "B_iii_24k": {
  "seeds": [
   0,
   1,
   2,
   3,
   4,
   5
  ],
  "mean_err_by_N": {
   "2": 0.0,
   "4": 0.0,
   "8": 0.0,
   "16": 0.0,
   "32": 0.0,
   "64": 0.0,
   "128": 0.0003
  },
  "err_N128_per_seed": {
   "0": 0.0009765625,
   "1": 0.0,
   "2": 0.0009765625,
   "3": 0.0,
   "4": 0.0,
   "5": 0.0
  },
  "max_mean_err": 0.0003,
  "amended_pass": true,
  "ref_12k_err_N128_per_seed": {
   "0": 0.017578125,
   "1": 0.125,
   "2": 0.0380859375
  },
  "ref_12k_max_mean_err": 0.0602
 },
 "A_ii_n200_d01": {
  "2.8b_L896_N16": {
   "pythia": 0.32,
   "mamba": 0.12,
   "rwkv": 0.0,
   "gap_mamba_pp": 20.0,
   "gap_rwkv_pp": 32.0
  },
  "2.8b_L896_N32": {
   "pythia": 0.225,
   "mamba": 0.075,
   "rwkv": 0.0,
   "gap_mamba_pp": 15.0,
   "gap_rwkv_pp": 22.5
  },
  "2.8b_L1900_N16": {
   "pythia": 0.345,
   "mamba": 0.05,
   "rwkv": 0.0,
   "gap_mamba_pp": 29.5,
   "gap_rwkv_pp": 34.5
  },
  "2.8b_L1900_N32": {
   "pythia": 0.25,
   "mamba": 0.03,
   "rwkv": 0.0,
   "gap_mamba_pp": 22.0,
   "gap_rwkv_pp": 25.0
  },
  "2.8b_L1900_N64": {
   "pythia": 0.28,
   "mamba": 0.015,
   "rwkv": 0.0,
   "gap_mamba_pp": 26.5,
   "gap_rwkv_pp": 28.0
  },
  "1.4b_L896_N16": {
   "pythia": 0.405,
   "mamba": 0.265,
   "rwkv": 0.0,
   "gap_mamba_pp": 14.0,
   "gap_rwkv_pp": 40.5
  },
  "1.4b_L896_N32": {
   "pythia": 0.31,
   "mamba": 0.165,
   "rwkv": 0.0,
   "gap_mamba_pp": 14.5,
   "gap_rwkv_pp": 31.0
  },
  "1.4b_L1900_N16": {
   "pythia": 0.21,
   "mamba": 0.1,
   "rwkv": 0.0,
   "gap_mamba_pp": 11.0,
   "gap_rwkv_pp": 21.0
  },
  "1.4b_L1900_N32": {
   "pythia": 0.17,
   "mamba": 0.03,
   "rwkv": 0.0,
   "gap_mamba_pp": 14.0,
   "gap_rwkv_pp": 17.0
  },
  "1.4b_L1900_N64": {
   "pythia": 0.14,
   "mamba": 0.025,
   "rwkv": 0.0,
   "gap_mamba_pp": 11.5,
   "gap_rwkv_pp": 14.0
  }
 },
 "A_ii_n200_pass_30pp": false,
 "A_iii_meanacc_by_depth_L1900": {
  "mamba-1.4b-hf": {
   "0.1": 0.065,
   "0.5": 0.157,
   "0.9": 0.326
  },
  "mamba-130m-hf": {
   "0.1": 0.0,
   "0.5": 0.01,
   "0.9": 0.034
  },
  "mamba-2.8b-hf": {
   "0.1": 0.046,
   "0.5": 0.088,
   "0.9": 0.125
  },
  "mamba-370m-hf": {
   "0.1": 0.016,
   "0.5": 0.042,
   "0.9": 0.1
  },
  "mamba-790m-hf": {
   "0.1": 0.064,
   "0.5": 0.088,
   "0.9": 0.145
  },
  "pythia-1.4b": {
   "0.1": 0.25,
   "0.5": 0.343,
   "0.9": 0.418
  },
  "pythia-160m": {
   "0.1": 0.026,
   "0.5": 0.014,
   "0.9": 0.008
  },
  "pythia-1b": {
   "0.1": 0.235,
   "0.5": 0.3,
   "0.9": 0.323
  },
  "pythia-2.8b": {
   "0.1": 0.441,
   "0.5": 0.433,
   "0.9": 0.452
  },
  "pythia-410m": {
   "0.1": 0.291,
   "0.5": 0.28,
   "0.9": 0.364
  },
  "pythia-70m": {
   "0.1": 0.0,
   "0.5": 0.004,
   "0.9": 0.011
  },
  "rwkv-4-169m-pile": {
   "0.1": 0.0,
   "0.5": 0.0,
   "0.9": 0.0
  },
  "rwkv-4-1b5-pile": {
   "0.1": 0.0,
   "0.5": 0.0,
   "0.9": 0.011
  },
  "rwkv-4-3b-pile": {
   "0.1": 0.0,
   "0.5": 0.001,
   "0.9": 0.025
  },
  "rwkv-4-430m-pile": {
   "0.1": 0.0,
   "0.5": 0.0,
   "0.9": 0.0
  }
 },
 "D_v2_groups": {
  "b_hybrid|-|random": {
   "n": 3,
   "knn": 0.5756,
   "knn_range": [
    0.556,
    0.597
   ],
   "cka": 0.9934,
   "err": 0.995
  },
  "b_hybrid|12k|early": {
   "n": 12,
   "knn": 0.5331,
   "knn_range": [
    0.473,
    0.607
   ],
   "cka": 0.7573,
   "err": 0.983
  },
  "b_hybrid|12k|final_failing": {
   "n": 3,
   "knn": 0.3881,
   "knn_range": [
    0.376,
    0.407
   ],
   "cka": 0.2879,
   "err": 0.964
  },
  "b_hybrid|12k|final_solving": {
   "n": 9,
   "knn": 0.2835,
   "knn_range": [
    0.187,
    0.359
   ],
   "cka": 0.2553,
   "err": 0.045
  },
  "b_hybrid|24k|early": {
   "n": 6,
   "knn": 0.6256,
   "knn_range": [
    0.578,
    0.7
   ],
   "cka": 0.7979,
   "err": 1.0
  },
  "b_hybrid|24k|final_solving": {
   "n": 6,
   "knn": 0.231,
   "knn_range": [
    0.154,
    0.288
   ],
   "cka": 0.1332,
   "err": 0.0
  },
  "b_hybrid_b1|-|random": {
   "n": 3,
   "knn": 0.5524,
   "knn_range": [
    0.537,
    0.565
   ],
   "cka": 0.9934,
   "err": 0.995
  },
  "b_hybrid_b1|12k|early": {
   "n": 3,
   "knn": 0.5411,
   "knn_range": [
    0.532,
    0.556
   ],
   "cka": 0.7101,
   "err": 1.0
  },
  "b_hybrid_b1|12k|final_solving": {
   "n": 3,
   "knn": 0.2609,
   "knn_range": [
    0.186,
    0.302
   ],
   "cka": 0.3258,
   "err": 0.016
  },
  "b_hybrid_local|-|random": {
   "n": 3,
   "knn": 0.5256,
   "knn_range": [
    0.506,
    0.537
   ],
   "cka": 0.9927,
   "err": 0.995
  },
  "b_hybrid_local|12k|early": {
   "n": 6,
   "knn": 0.4888,
   "knn_range": [
    0.466,
    0.53
   ],
   "cka": 0.7848,
   "err": 0.997
  },
  "b_hybrid_local|12k|final_failing": {
   "n": 6,
   "knn": 0.4805,
   "knn_range": [
    0.335,
    0.574
   ],
   "cka": 0.7337,
   "err": 0.997
  }
 }
}